"Date","Price","Open","High","Low","Change %"
"Jan 01, 2021","14,213.7","14,213.5","14,214.2","13,919.0","1.17%"
"Dec 30, 2020","14,050.0","14,120.0","14,120.0","14,050.0","-0.43%"
"Dec 29, 2020","14,110.0","14,150.0","14,160.0","14,130.0","-0.21%"
"Dec 28, 2020","14,140.0","14,155.0","14,177.5","14,150.0","-0.07%"
"Dec 23, 2020","14,150.0","14,155.0","14,274.0","14,155.0","0.04%"
"Dec 22, 2020","14,145.0","14,140.0","14,212.5","14,140.0","0.32%"
"Dec 21, 2020","14,100.0","14,110.0","14,175.0","14,110.0","0.14%"
"Dec 18, 2020","14,080.0","14,102.5","14,147.5","14,100.0","-0.04%"
"Dec 17, 2020","14,085.0","14,125.0","14,137.5","14,105.0","-0.04%"
"Dec 16, 2020","14,090.0","14,110.0","14,158.0","14,110.0","0.00%"
"Dec 15, 2020","14,090.0","14,105.0","14,173.5","14,105.0","0.14%"
"Dec 14, 2020","14,070.0","14,100.0","14,155.0","14,095.0","0.00%"
"Dec 11, 2020","14,070.0","14,100.0","14,119.0","14,079.5","-0.14%"
"Dec 10, 2020","14,090.0","14,095.0","14,120.0","14,095.0","0.07%"
"Dec 08, 2020","14,080.0","14,110.0","14,150.0","14,110.0","0.00%"
"Dec 07, 2020","14,080.0","14,110.0","14,135.0","14,101.0","-0.04%"
"Dec 04, 2020","14,085.0","14,135.0","14,162.5","14,102.5","-0.11%"
"Dec 03, 2020","14,100.0","14,120.0","14,179.0","14,120.0","0.07%"
"Dec 02, 2020","14,090.0","14,120.0","14,156.0","14,120.0","-0.07%"
"Dec 01, 2020","14,100.0","14,117.5","14,182.5","14,117.5","0.07%"
"Nov 30, 2020","14,090.0","14,070.0","14,150.0","14,070.0","0.14%"
"Nov 27, 2020","14,070.0","14,105.0","14,136.5","14,090.0","-0.14%"
"Nov 26, 2020","14,090.0","14,125.0","14,137.5","14,100.0","-0.28%"
"Nov 25, 2020","14,130.0","14,145.0","14,177.5","14,140.0","-0.07%"
"Nov 24, 2020","14,140.0","14,150.0","14,194.5","14,150.0","0.07%"
"Nov 23, 2020","14,130.0","14,162.5","14,175.0","14,142.5","-0.14%"
"Nov 20, 2020","14,150.0","14,160.0","14,210.5","14,160.0","0.07%"
"Nov 19, 2020","14,140.0","14,055.0","14,195.0","14,055.0","0.64%"
"Nov 18, 2020","14,050.0","14,055.0","14,102.5","14,055.0","0.14%"
"Nov 17, 2020","14,030.0","14,030.0","14,077.5","14,027.5","-0.50%"
"Nov 16, 2020","14,100.0","14,120.0","14,147.5","14,107.5","-0.35%"
"Nov 13, 2020","14,150.0","14,150.0","14,232.5","14,150.0","0.07%"
"Nov 12, 2020","14,140.0","14,080.0","14,207.5","14,080.0","0.50%"
"Nov 11, 2020","14,070.0","14,055.0","14,102.5","14,055.0","0.21%"
"Nov 10, 2020","14,040.0","14,050.0","14,082.5","13,992.5","-0.07%"
"Nov 09, 2020","14,050.0","14,170.0","14,180.0","14,042.5","-0.99%"
"Nov 06, 2020","14,190.0","14,255.0","14,302.5","14,200.0","-1.25%"
"Nov 05, 2020","14,370.0","14,385.0","14,440.0","14,370.0","-1.17%"
"Nov 04, 2020","14,540.0","14,515.0","14,567.5","14,512.5","-0.21%"
"Nov 03, 2020","14,570.0","14,612.5","14,635.0","14,584.0","-0.38%"
"Nov 02, 2020","14,625.0","14,650.0","14,717.5","14,637.5","0.03%"
"Oct 27, 2020","14,620.0","14,650.0","14,680.0","14,620.0","-0.07%"
"Oct 26, 2020","14,630.0","14,635.0","14,675.0","14,632.5","-0.14%"
"Oct 23, 2020","14,650.0","14,660.0","14,722.5","14,650.0","0.07%"
"Oct 22, 2020","14,640.0","14,615.0","14,690.0","14,615.0","0.21%"
"Oct 21, 2020","14,610.0","14,635.0","14,667.5","14,615.0","-0.27%"
"Oct 20, 2020","14,650.0","14,672.5","14,718.0","14,655.0","-0.14%"
"Oct 19, 2020","14,670.0","14,670.0","14,742.5","14,670.0","0.00%"
"Oct 16, 2020","14,670.0","14,710.0","14,757.5","14,687.5","0.07%"
"Oct 15, 2020","14,660.0","14,685.0","14,741.0","14,680.0","-0.14%"
"Oct 14, 2020","14,680.0","14,710.0","14,765.0","14,705.0","0.00%"
"Oct 13, 2020","14,680.0","14,695.0","14,767.5","14,695.0","0.00%"
"Oct 12, 2020","14,680.0","14,685.0","14,732.5","14,685.0","0.03%"
"Oct 09, 2020","14,675.0","14,695.0","14,727.5","14,665.0","-0.07%"
"Oct 08, 2020","14,685.0","14,700.0","14,733.0","14,697.5","-0.03%"
"Oct 07, 2020","14,690.0","14,710.0","14,772.5","14,702.5","-0.14%"
"Oct 06, 2020","14,710.0","14,605.0","14,762.5","14,605.0","-0.54%"
"Oct 05, 2020","14,790.0","14,815.0","14,857.5","14,799.5","-0.27%"
"Oct 02, 2020","14,830.0","14,840.0","14,907.0","14,840.0","0.07%"
"Oct 01, 2020","14,820.0","14,810.0","14,867.5","14,810.0","-0.13%"
"Sep 30, 2020","14,840.0","14,857.5","14,922.0","14,857.5","-0.03%"
"Sep 29, 2020","14,845.0","14,875.0","14,940.5","14,867.5","-0.03%"
"Sep 28, 2020","14,850.0","14,867.5","14,949.5","14,867.5","0.03%"
"Sep 25, 2020","14,845.0","14,887.5","14,952.5","14,862.5","0.00%"
"Sep 24, 2020","14,845.0","14,815.0","14,910.0","14,815.0","0.44%"
"Sep 23, 2020","14,780.0","14,775.0","14,854.0","14,755.0","0.20%"
"Sep 22, 2020","14,750.0","14,695.0","14,824.5","14,695.0","0.41%"
"Sep 21, 2020","14,690.0","14,670.0","14,727.5","14,664.0","-0.27%"
"Sep 18, 2020","14,730.0","14,755.0","14,780.0","14,713.0","-0.61%"
"Sep 17, 2020","14,820.0","14,795.0","14,872.0","14,795.0","-0.03%"
"Sep 16, 2020","14,825.0","14,790.0","14,877.5","14,790.0","-0.07%"
"Sep 15, 2020","14,835.0","14,805.0","14,875.0","14,802.0","-0.17%"
"Sep 14, 2020","14,860.0","14,855.0","14,955.0","14,855.0","0.00%"
"Sep 11, 2020","14,860.0","14,900.0","14,974.0","14,877.5","0.27%"
"Sep 10, 2020","14,820.0","14,770.0","14,895.0","14,765.0","0.27%"
"Sep 09, 2020","14,780.0","14,765.0","14,860.0","14,765.0","0.14%"
"Sep 08, 2020","14,760.0","14,720.0","14,802.5","14,720.0","0.20%"
"Sep 07, 2020","14,730.0","14,705.0","14,757.5","14,705.0","-0.07%"
"Sep 04, 2020","14,740.0","14,735.0","14,802.5","14,705.0","-0.14%"
"Sep 03, 2020","14,760.0","14,755.0","14,835.0","14,755.0","0.14%"
"Sep 02, 2020","14,740.0","14,605.0","14,820.0","14,605.0","1.20%"
"Sep 01, 2020","14,565.0","14,535.0","14,620.0","14,535.0","0.03%"
"Aug 31, 2020","14,560.0","14,505.0","14,567.5","14,505.0","-0.38%"
"Aug 28, 2020","14,615.0","14,655.0","14,716.5","14,614.5","-0.24%"
"Aug 27, 2020","14,650.0","14,605.0","14,727.5","14,605.0","-0.14%"
"Aug 26, 2020","14,670.0","14,585.0","14,695.0","14,585.0","0.20%"
"Aug 25, 2020","14,640.0","14,600.0","14,660.0","14,575.0","-0.20%"
"Aug 24, 2020","14,670.0","14,755.0","14,802.5","14,670.5","-0.68%"
"Aug 19, 2020","14,770.0","14,750.0","14,807.5","14,735.0","-0.40%"
"Aug 18, 2020","14,830.0","14,750.0","14,881.0","14,750.0","0.75%"
"Aug 14, 2020","14,720.0","14,775.0","14,844.0","14,775.0","0.14%"
"Aug 13, 2020","14,700.0","14,742.5","14,795.0","14,725.0","0.10%"
"Aug 12, 2020","14,685.0","14,640.0","14,770.0","14,640.0","0.44%"
"Aug 11, 2020","14,620.0","14,580.0","14,720.0","14,580.0","0.21%"
"Aug 10, 2020","14,590.0","14,600.0","14,700.0","14,600.0","0.07%"
"Aug 07, 2020","14,580.0","14,555.0","14,675.0","14,555.0","-0.03%"
"Aug 06, 2020","14,585.0","14,490.0","14,615.0","14,465.0","0.24%"
"Aug 05, 2020","14,550.0","14,540.0","14,612.5","14,520.0","-0.48%"
"Aug 04, 2020","14,620.0","14,565.0","14,675.0","14,560.0","-0.07%"
"Aug 03, 2020","14,630.0","14,605.0","14,647.5","14,595.0","0.21%"
"Jul 30, 2020","14,600.0","14,455.0","14,620.0","14,455.0","0.45%"
"Jul 29, 2020","14,535.0","14,455.0","14,595.0","14,454.5","0.00%"
"Jul 28, 2020","14,535.0","14,460.0","14,561.0","14,445.0","0.10%"
"Jul 27, 2020","14,520.0","14,505.0","14,580.0","14,480.0","-0.62%"
"Jul 24, 2020","14,610.0","14,525.0","14,615.0","14,505.0","0.21%"
"Jul 23, 2020","14,580.0","14,605.0","14,670.0","14,532.5","-0.48%"
"Jul 22, 2020","14,650.0","14,605.0","14,680.0","14,605.0","-0.60%"
"Jul 21, 2020","14,738.5","14,755.0","14,780.0","14,725.0","-0.31%"
"Jul 20, 2020","14,785.0","14,695.0","14,860.0","14,692.5","0.61%"
"Jul 17, 2020","14,695.0","14,585.0","14,730.0","14,570.0","0.48%"
"Jul 16, 2020","14,625.0","14,560.0","14,687.5","14,535.0","0.26%"
"Jul 15, 2020","14,587.5","14,450.0","14,625.0","14,450.0","0.95%"
"Jul 14, 2020","14,450.0","14,355.0","14,450.0","14,352.0","0.17%"
"Jul 13, 2020","14,425.0","14,370.0","14,501.0","14,365.0","-0.07%"
"Jul 10, 2020","14,435.0","14,397.5","14,490.0","14,397.5","0.28%"
"Jul 09, 2020","14,395.0","14,355.0","14,430.0","14,342.5","-0.10%"
"Jul 08, 2020","14,410.0","14,395.0","14,450.0","14,375.0","-0.21%"
"Jul 07, 2020","14,440.0","14,450.0","14,450.0","14,374.0","-0.35%"
"Jul 06, 2020","14,490.0","14,465.0","14,582.5","14,455.0","-0.14%"
"Jul 03, 2020","14,510.0","14,380.0","14,605.0","14,380.0","0.91%"
"Jul 02, 2020","14,378.5","14,265.0","14,383.0","14,265.0","0.80%"
"Jul 01, 2020","14,265.0","14,245.0","14,325.0","14,245.0","0.07%"
"Jun 30, 2020","14,255.0","14,175.0","14,315.0","14,165.0","0.07%"
"Jun 29, 2020","14,245.0","14,225.0","14,275.0","14,225.0","0.18%"
"Jun 26, 2020","14,220.0","14,105.0","14,250.0","14,100.0","0.32%"
"Jun 25, 2020","14,175.0","14,085.0","14,195.0","14,079.5","0.32%"
"Jun 24, 2020","14,130.0","14,110.0","14,175.0","14,099.5","-0.21%"
"Jun 23, 2020","14,160.0","14,185.0","14,255.0","14,160.0","-0.18%"
"Jun 22, 2020","14,185.0","14,100.0","14,185.0","14,100.0","0.60%"
"Jun 19, 2020","14,100.0","14,055.0","14,202.5","14,055.0","0.11%"
"Jun 18, 2020","14,085.0","14,030.0","14,105.0","14,005.0","0.02%"
"Jun 17, 2020","14,082.5","14,065.0","14,130.0","14,034.5","-0.05%"
"Jun 16, 2020","14,090.0","14,085.0","14,130.0","14,047.5","-0.18%"
"Jun 15, 2020","14,115.0","14,055.0","14,145.0","14,040.0","-0.07%"
"Jun 12, 2020","14,125.0","14,060.0","14,223.5","14,060.0","0.78%"
"Jun 11, 2020","14,015.0","13,925.0","14,060.0","13,887.5","0.25%"
"Jun 10, 2020","13,980.0","13,937.5","14,055.0","13,897.5","0.65%"
"Jun 09, 2020","13,890.0","13,910.0","14,045.0","13,880.0","0.04%"
"Jun 08, 2020","13,885.0","13,870.0","13,995.0","13,850.0","0.11%"
"Jun 05, 2020","13,870.0","14,075.0","14,107.5","13,862.5","-1.60%"
"Jun 04, 2020","14,095.0","14,105.0","14,170.0","14,070.0","0.00%"
"Jun 03, 2020","14,095.0","14,245.0","14,255.0","14,095.0","-2.22%"
"Jun 02, 2020","14,415.0","14,630.0","14,630.0","14,415.0","-1.33%"
"May 29, 2020","14,610.0","14,725.0","14,745.0","14,607.5","-0.71%"
"May 28, 2020","14,715.0","14,740.0","14,777.5","14,710.0","0.03%"
"May 27, 2020","14,710.0","14,740.0","14,780.0","14,707.5","-0.30%"
"May 26, 2020","14,755.0","14,730.0","14,779.5","14,727.5","0.31%"
"May 20, 2020","14,710.0","14,755.0","14,792.5","14,705.0","-0.41%"
"May 19, 2020","14,770.0","14,805.0","14,845.0","14,755.0","-0.54%"
"May 18, 2020","14,850.0","14,855.0","14,895.0","14,835.0","-0.07%"
"May 15, 2020","14,860.0","14,875.0","14,925.0","14,857.5","-0.17%"
"May 14, 2020","14,885.0","14,892.5","14,962.5","14,867.5","0.13%"
"May 13, 2020","14,865.0","14,885.0","14,907.5","14,852.5","-0.27%"
"May 12, 2020","14,905.0","14,930.0","14,986.0","14,902.0","0.07%"
"May 11, 2020","14,895.0","14,945.0","14,962.5","14,885.0","-0.17%"
"May 08, 2020","14,920.0","15,025.0","15,052.5","14,908.0","-0.83%"
"May 06, 2020","15,045.0","15,060.0","15,125.0","15,025.0","-0.23%"
"May 05, 2020","15,080.0","15,125.0","15,150.0","15,030.0","-0.13%"
"May 04, 2020","15,100.0","14,960.0","15,135.0","14,960.0","1.51%"
"Apr 30, 2020","14,875.0","15,190.0","15,195.0","14,857.5","-2.75%"
"Apr 29, 2020","15,295.0","15,355.0","15,412.5","15,290.0","-0.83%"
"Apr 28, 2020","15,422.5","15,405.0","15,507.5","15,395.0","0.24%"
"Apr 27, 2020","15,385.0","15,455.0","15,505.0","15,385.0","-0.10%"
"Apr 24, 2020","15,400.0","15,452.5","15,525.0","15,400.0","0.00%"
"Apr 23, 2020","15,400.0","15,524.0","15,607.5","15,400.0","-0.32%"
"Apr 22, 2020","15,450.0","15,530.0","15,610.0","15,450.0","-0.03%"
"Apr 21, 2020","15,455.0","15,500.0","15,585.0","15,455.0","0.28%"
"Apr 20, 2020","15,412.5","15,470.0","15,519.0","15,412.5","-0.11%"
"Apr 17, 2020","15,430.0","15,505.0","15,552.5","15,400.0","-1.34%"
"Apr 16, 2020","15,640.0","15,657.5","15,785.0","15,640.0","0.48%"
"Apr 15, 2020","15,565.0","15,645.0","15,697.5","15,540.0","-0.42%"
"Apr 14, 2020","15,630.0","15,700.0","15,727.5","15,630.0","0.00%"
"Apr 13, 2020","15,630.0","15,800.0","15,825.0","15,630.0","-1.20%"
"Apr 09, 2020","15,820.0","16,177.5","16,240.0","15,820.0","-2.19%"
"Apr 08, 2020","16,175.0","16,180.0","16,330.0","16,167.5","0.00%"
"Apr 07, 2020","16,175.0","16,385.0","16,436.5","16,175.0","-1.45%"
"Apr 06, 2020","16,412.5","16,450.0","16,575.0","16,412.5","-0.08%"
"Apr 03, 2020","16,425.0","16,445.0","16,505.0","16,425.0","-0.30%"
"Apr 02, 2020","16,475.0","16,505.0","16,570.0","16,475.0","0.15%"
"Apr 01, 2020","16,450.0","16,325.0","16,480.0","16,325.0","0.86%"
"Mar 31, 2020","16,310.0","16,325.0","16,392.5","16,300.0","-0.17%"
"Mar 30, 2020","16,337.5","16,155.0","16,416.0","16,155.0","1.22%"
"Mar 27, 2020","16,140.0","16,105.0","16,265.0","16,060.0","-1.01%"
"Mar 26, 2020","16,305.0","16,205.0","16,360.0","16,205.0","-1.18%"
"Mar 24, 2020","16,500.0","16,505.0","16,525.0","16,472.5","-0.45%"
"Mar 23, 2020","16,575.0","15,975.0","16,640.0","15,975.0","4.08%"
"Mar 20, 2020","15,925.0","15,962.5","16,225.0","15,925.0","0.08%"
"Mar 19, 2020","15,912.5","15,287.5","15,912.5","15,287.5","4.57%"
"Mar 18, 2020","15,217.5","15,097.5","15,232.5","15,097.5","0.31%"
"Mar 17, 2020","15,170.0","14,940.0","15,170.0","14,940.0","1.64%"
"Mar 16, 2020","14,925.0","14,725.0","15,002.0","14,725.0","1.05%"
"Mar 13, 2020","14,770.0","14,610.0","14,865.0","14,610.0","1.71%"
"Mar 12, 2020","14,521.5","14,366.5","14,521.5","14,366.5","1.18%"
"Mar 11, 2020","14,352.5","14,302.5","14,392.5","14,292.5","0.05%"
"Mar 10, 2020","14,346.0","14,391.0","14,416.0","14,281.0","-0.32%"
"Mar 09, 2020","14,392.5","14,247.5","14,392.5","14,247.5","1.14%"
"Mar 06, 2020","14,230.0","14,190.0","14,295.0","14,190.0","0.42%"
"Mar 05, 2020","14,170.0","14,120.0","14,190.0","14,120.0","0.39%"
"Mar 04, 2020","14,115.0","14,255.0","14,255.0","14,095.0","-1.17%"
"Mar 03, 2020","14,281.5","14,196.5","14,286.5","14,196.5","0.12%"
"Mar 02, 2020","14,265.0","14,355.0","14,420.0","14,225.0","-0.58%"
"Feb 28, 2020","14,347.5","14,057.5","14,347.5","14,057.5","2.23%"
"Feb 27, 2020","14,035.0","13,935.0","14,035.0","13,935.0","0.74%"
"Feb 26, 2020","13,932.5","13,887.5","13,947.5","13,887.5","0.36%"
"Feb 25, 2020","13,882.5","13,872.5","13,912.5","13,872.5","0.09%"
"Feb 24, 2020","13,870.0","13,775.0","13,895.0","13,775.0","0.76%"
"Feb 21, 2020","13,765.0","13,720.0","13,765.0","13,720.0","0.42%"
"Feb 20, 2020","13,707.5","13,697.5","13,777.5","13,697.5","0.15%"
"Feb 19, 2020","13,687.5","13,697.5","13,722.5","13,687.5","0.16%"
"Feb 18, 2020","13,665.0","13,655.0","13,695.0","13,655.0","0.09%"
"Feb 17, 2020","13,652.5","13,672.5","13,692.5","13,651.5","-0.16%"
"Feb 14, 2020","13,675.0","13,685.0","13,715.0","13,675.0","-0.04%"
"Feb 13, 2020","13,680.0","13,660.0","13,715.0","13,660.0","0.15%"
"Feb 12, 2020","13,660.0","13,645.0","13,680.0","13,645.0","-0.04%"
"Feb 11, 2020","13,665.0","13,695.0","13,695.0","13,665.0","-0.22%"
"Feb 10, 2020","13,695.0","13,675.0","13,730.0","13,675.0","0.15%"
"Feb 07, 2020","13,675.0","13,620.0","13,680.0","13,620.0","0.40%"
"Feb 06, 2020","13,620.0","13,645.0","13,675.0","13,595.0","-0.40%"
"Feb 05, 2020","13,675.0","13,695.0","13,735.0","13,675.0","-0.26%"
"Feb 04, 2020","13,710.0","13,745.0","13,770.0","13,695.0","-0.24%"
"Feb 03, 2020","13,742.5","13,662.5","13,742.5","13,662.5","0.64%"
"Jan 31, 2020","13,655.0","13,645.0","13,663.0","13,645.0","0.07%"
"Jan 30, 2020","13,645.0","13,635.0","13,672.0","13,630.0","0.13%"
"Jan 29, 2020","13,627.5","13,622.5","13,649.5","13,622.5","-0.07%"
"Jan 28, 2020","13,637.5","13,617.5","13,660.5","13,617.5","0.24%"
"Jan 27, 2020","13,605.0","13,575.0","13,625.0","13,575.0","0.24%"
"Jan 24, 2020","13,572.5","13,637.5","13,645.5","13,572.5","-0.42%"
"Jan 23, 2020","13,630.0","13,640.0","13,650.0","13,605.0","-0.11%"
"Jan 22, 2020","13,644.5","13,664.5","13,689.5","13,624.5","-0.10%"
"Jan 21, 2020","13,657.5","13,637.5","13,677.5","13,632.5","0.18%"
"Jan 20, 2020","13,632.5","13,642.5","13,660.5","13,632.5","-0.04%"
"Jan 17, 2020","13,637.5","13,647.5","13,667.5","13,632.5","0.06%"
"Jan 16, 2020","13,630.0","13,680.0","13,680.0","13,620.0","-0.26%"
"Jan 15, 2020","13,665.0","13,675.0","13,730.0","13,665.0","-0.04%"
"Jan 14, 2020","13,670.0","13,655.0","13,695.0","13,635.0","0.01%"
"Jan 13, 2020","13,668.0","13,733.0","13,743.0","13,668.0","-0.69%"
"Jan 10, 2020","13,762.5","13,857.5","13,860.5","13,747.5","-0.63%"
"Jan 09, 2020","13,850.0","13,855.0","13,870.0","13,835.0","-0.31%"
"Jan 08, 2020","13,892.5","13,907.5","13,942.5","13,892.5","0.13%"
"Jan 07, 2020","13,875.0","13,935.0","13,935.0","13,875.0","-0.47%"
"Jan 06, 2020","13,940.0","13,925.0","13,970.0","13,925.0","0.11%"
"Jan 03, 2020","13,925.0","13,880.0","13,935.0","13,880.0","0.26%"
"Jan 02, 2020","13,889.0","13,870.0","13,905.0","13,870.0","0.05%"
"Jan 01, 2020","13,882.5","13,882.5","13,882.5","13,882.5","0.00%"
"Dec 31, 2019","13,882.5","13,922.5","13,922.5","13,862.5","-0.30%"
"Dec 30, 2019","13,924.5","13,949.5","13,949.5","13,914.5","-0.18%"
"Dec 27, 2019","13,950.0","13,955.0","13,962.0","13,947.0","-0.04%"
"Dec 26, 2019","13,955.0","13,970.0","13,980.0","13,955.0","-0.09%"
"Dec 25, 2019","13,967.5","13,967.5","13,967.5","13,967.5","0.00%"
"Dec 24, 2019","13,967.5","13,967.5","13,967.5","13,967.5","0.00%"
"Dec 23, 2019","13,967.5","13,957.5","13,992.5","13,957.5","-0.07%"
"Dec 20, 2019","13,977.5","13,982.5","14,003.5","13,977.5","-0.05%"
"Dec 19, 2019","13,985.0","13,975.0","14,000.0","13,975.0","0.07%"
"Dec 18, 2019","13,975.0","13,995.0","14,010.0","13,975.0","-0.11%"
"Dec 17, 2019","13,990.0","13,995.0","14,019.0","13,990.0","-0.11%"
"Dec 16, 2019","14,005.0","13,995.0","14,020.0","13,995.0","0.14%"
"Dec 13, 2019","13,985.0","13,980.0","13,990.0","13,955.0","-0.29%"
"Dec 12, 2019","14,025.0","14,035.0","14,045.0","14,025.0","-0.07%"
"Dec 11, 2019","14,035.0","13,995.0","14,045.0","13,995.0","0.18%"
"Dec 10, 2019","14,010.0","13,995.0","14,020.0","13,995.0","-0.04%"
"Dec 09, 2019","14,015.0","14,005.0","14,023.0","14,005.0","-0.16%"
"Dec 06, 2019","14,037.5","14,012.5","14,042.5","14,012.5","-0.20%"
"Dec 05, 2019","14,065.0","14,100.0","14,100.0","14,065.0","-0.28%"
"Dec 04, 2019","14,105.0","14,110.0","14,130.0","14,105.0","0.00%"
"Dec 03, 2019","14,105.0","14,115.0","14,132.0","14,105.0","-0.14%"
"Dec 02, 2019","14,125.0","14,105.0","14,135.0","14,105.0","0.14%"
"Nov 29, 2019","14,105.0","14,090.0","14,120.0","14,090.0","0.11%"
"Nov 28, 2019","14,090.0","14,085.0","14,102.0","14,085.0","-0.04%"
"Nov 27, 2019","14,095.0","14,085.0","14,105.0","14,080.0","0.07%"
"Nov 26, 2019","14,085.0","14,085.0","14,095.0","14,075.0","0.07%"
"Nov 25, 2019","14,075.0","14,086.0","14,095.0","14,075.0","-0.07%"
"Nov 22, 2019","14,085.0","14,085.0","14,110.0","14,080.0","-0.02%"
"Nov 21, 2019","14,087.5","14,097.5","14,122.5","14,087.5","-0.05%"
"Nov 20, 2019","14,094.5","14,084.5","14,102.5","14,084.5","0.03%"
"Nov 19, 2019","14,090.0","14,075.0","14,097.0","14,075.0","0.10%"
"Nov 18, 2019","14,076.5","14,071.5","14,088.5","14,071.5","0.02%"
"Nov 15, 2019","14,073.0","14,055.0","14,080.0","14,055.0","-0.09%"
"Nov 14, 2019","14,085.0","14,075.0","14,105.0","14,075.0","0.03%"
"Nov 13, 2019","14,081.0","14,064.0","14,088.0","14,064.0","0.18%"
"Nov 12, 2019","14,055.0","14,057.0","14,065.0","14,045.0","-0.06%"
"Nov 11, 2019","14,063.0","14,030.0","14,075.0","14,015.0","0.35%"
"Nov 08, 2019","14,014.0","14,009.0","14,029.0","14,009.0","0.14%"
"Nov 07, 2019","13,994.5","14,034.5","14,047.5","13,994.5","-0.15%"
"Nov 06, 2019","14,015.0","13,980.0","14,032.0","13,980.0","0.34%"
"Nov 05, 2019","13,967.5","14,017.5","14,035.5","13,967.5","-0.34%"
"Nov 04, 2019","14,015.0","13,995.0","14,020.0","13,995.0","-0.14%"
"Nov 01, 2019","14,035.0","14,045.0","14,072.0","14,035.0","-0.01%"
"Oct 31, 2019","14,037.0","13,995.0","14,045.0","13,985.0","0.07%"
"Oct 30, 2019","14,027.0","14,040.0","14,050.0","14,027.0","0.01%"
"Oct 29, 2019","14,025.0","14,025.0","14,040.0","14,013.0","0.00%"
"Oct 28, 2019","14,025.0","14,020.0","14,032.0","14,015.0","-0.07%"
"Oct 25, 2019","14,035.0","14,045.0","14,073.0","14,035.0","-0.17%"
"Oct 24, 2019","14,059.0","14,005.0","14,060.0","13,985.0","0.21%"
"Oct 23, 2019","14,029.0","14,034.0","14,064.0","14,014.0","-0.08%"
"Oct 22, 2019","14,040.0","14,073.0","14,073.0","13,993.0","-0.27%"
"Oct 21, 2019","14,078.0","14,125.0","14,135.0","14,078.0","-0.47%"
"Oct 18, 2019","14,144.5","14,135.5","14,153.5","14,125.5","-0.02%"
"Oct 17, 2019","14,148.0","14,175.0","14,176.0","14,146.0","-0.15%"
"Oct 16, 2019","14,169.0","14,175.0","14,194.0","14,165.0","0.03%"
"Oct 15, 2019","14,165.0","14,135.0","14,170.0","14,135.0","0.18%"
"Oct 14, 2019","14,139.0","14,114.0","14,139.0","14,112.0","0.08%"
"Oct 11, 2019","14,128.0","14,125.0","14,155.0","14,125.0","-0.17%"
"Oct 10, 2019","14,151.5","14,171.5","14,181.5","14,131.5","-0.13%"
"Oct 09, 2019","14,170.0","14,165.0","14,185.0","14,165.0","0.11%"
"Oct 08, 2019","14,155.0","14,175.0","14,180.0","14,135.0","-0.05%"
"Oct 07, 2019","14,162.5","14,137.5","14,167.5","14,137.5","0.19%"
"Oct 04, 2019","14,135.0","14,150.0","14,150.0","14,115.0","-0.26%"
"Oct 03, 2019","14,172.5","14,192.5","14,197.5","14,167.5","-0.16%"
"Oct 02, 2019","14,195.0","14,215.0","14,215.0","14,185.0","-0.12%"
"Oct 01, 2019","14,212.5","14,182.5","14,222.5","14,182.5","0.12%"
"Sep 30, 2019","14,195.0","14,155.0","14,195.0","14,155.0","0.21%"
"Sep 27, 2019","14,165.0","14,185.0","14,200.0","14,165.0","-0.09%"
"Sep 26, 2019","14,177.5","14,147.5","14,177.5","14,145.5","0.19%"
"Sep 25, 2019","14,150.0","14,120.0","14,155.0","14,120.0","0.27%"
"Sep 24, 2019","14,112.5","14,077.5","14,112.5","14,077.5","0.20%"
"Sep 23, 2019","14,085.0","14,070.0","14,090.0","14,065.0","0.21%"
"Sep 20, 2019","14,055.0","14,090.0","14,090.0","14,055.0","-0.04%"
"Sep 19, 2019","14,060.0","14,075.0","14,104.0","14,060.0","0.00%"
"Sep 18, 2019","14,060.0","14,075.0","14,090.0","14,060.0","-0.25%"
"Sep 17, 2019","14,095.0","14,060.0","14,110.0","14,060.0","0.39%"
"Sep 16, 2019","14,040.0","13,980.0","14,055.0","13,975.0","0.54%"
"Sep 13, 2019","13,965.0","13,935.0","13,975.0","13,905.0","-0.18%"
"Sep 12, 2019","13,990.0","14,045.0","14,055.0","13,985.0","-0.50%"
"Sep 11, 2019","14,060.0","14,055.0","14,070.0","14,050.0","0.07%"
"Sep 10, 2019","14,050.0","14,035.0","14,055.0","14,025.0","0.14%"
"Sep 09, 2019","14,031.0","14,086.0","14,096.0","14,026.0","-0.45%"
"Sep 06, 2019","14,095.0","14,135.0","14,150.0","14,085.0","-0.39%"
"Sep 05, 2019","14,150.0","14,155.0","14,165.0","14,142.0","-0.02%"
"Sep 04, 2019","14,152.5","14,222.5","14,222.5","14,152.5","-0.51%"
"Sep 03, 2019","14,225.0","14,200.0","14,235.0","14,200.0","0.22%"
"Sep 02, 2019","14,194.0","14,185.0","14,202.0","14,184.0","0.06%"
"Aug 30, 2019","14,185.0","14,220.0","14,245.0","14,185.0","-0.37%"
"Aug 29, 2019","14,237.5","14,242.5","14,262.5","14,232.5","-0.12%"
"Aug 28, 2019","14,255.0","14,255.0","14,270.0","14,254.0","0.00%"
"Aug 27, 2019","14,255.0","14,245.0","14,260.0","14,230.0","0.11%"
"Aug 26, 2019","14,240.0","14,235.0","14,280.0","14,235.0","0.19%"
"Aug 23, 2019","14,212.5","14,237.5","14,252.5","14,202.5","-0.16%"
"Aug 22, 2019","14,235.0","14,225.0","14,250.0","14,225.0","-0.04%"
"Aug 21, 2019","14,240.0","14,260.0","14,275.0","14,225.0","-0.14%"
"Aug 20, 2019","14,260.0","14,235.0","14,275.0","14,235.0","0.18%"
"Aug 19, 2019","14,235.0","14,215.0","14,240.0","14,185.0","0.00%"
"Aug 16, 2019","14,235.0","14,260.0","14,270.0","14,225.0","-0.23%"
"Aug 15, 2019","14,267.5","14,267.5","14,312.5","14,257.5","0.16%"
"Aug 14, 2019","14,245.0","14,255.0","14,255.0","14,215.0","-0.51%"
"Aug 13, 2019","14,317.5","14,257.5","14,332.5","14,257.5","0.49%"
"Aug 12, 2019","14,247.5","14,202.5","14,249.5","14,202.5","0.41%"
"Aug 09, 2019","14,190.0","14,205.0","14,210.0","14,175.0","-0.13%"
"Aug 08, 2019","14,208.0","14,213.0","14,243.0","14,193.0","-0.10%"
"Aug 07, 2019","14,222.5","14,257.5","14,297.5","14,207.5","-0.30%"
"Aug 06, 2019","14,265.0","14,305.0","14,355.0","14,255.0","0.07%"
"Aug 05, 2019","14,255.0","14,190.0","14,280.0","14,190.0","0.53%"
"Aug 02, 2019","14,180.0","14,165.0","14,230.0","14,165.0","0.45%"
"Aug 01, 2019","14,116.0","14,061.0","14,128.0","14,061.0","0.71%"
"Jul 31, 2019","14,017.0","14,015.0","14,031.0","14,005.0","-0.02%"
"Jul 30, 2019","14,020.0","14,020.0","14,040.0","14,015.0","0.00%"
"Jul 29, 2019","14,020.0","13,995.0","14,028.0","13,995.0","0.11%"
"Jul 26, 2019","14,004.0","13,995.0","14,015.0","13,995.0","0.19%"
"Jul 25, 2019","13,977.5","13,987.5","13,992.5","13,972.5","-0.11%"
"Jul 24, 2019","13,993.0","13,983.0","14,025.0","13,983.0","0.06%"
"Jul 23, 2019","13,984.0","13,954.0","13,990.0","13,954.0","0.28%"
"Jul 22, 2019","13,945.0","13,945.0","13,970.0","13,940.0","0.07%"
"Jul 19, 2019","13,935.0","13,935.0","13,945.0","13,890.0","-0.18%"
"Jul 18, 2019","13,960.0","13,965.0","13,984.0","13,925.0","-0.14%"
"Jul 17, 2019","13,980.0","13,940.0","13,990.0","13,935.0","0.32%"
"Jul 16, 2019","13,935.0","13,905.0","13,943.0","13,905.0","0.11%"
"Jul 15, 2019","13,919.5","13,999.5","13,999.5","13,889.5","-0.62%"
"Jul 12, 2019","14,007.0","14,073.0","14,098.0","14,003.0","-0.41%"
"Jul 11, 2019","14,065.0","14,100.0","14,105.0","14,050.0","-0.46%"
"Jul 10, 2019","14,130.0","14,135.0","14,155.0","14,130.0","0.00%"
"Jul 09, 2019","14,130.0","14,105.0","14,135.0","14,105.0","0.14%"
"Jul 08, 2019","14,110.0","14,115.0","14,155.0","14,095.0","0.20%"
"Jul 05, 2019","14,082.5","14,137.5","14,147.5","14,077.5","-0.41%"
"Jul 04, 2019","14,140.0","14,105.0","14,145.0","14,100.0","0.16%"
"Jul 03, 2019","14,117.5","14,142.5","14,167.5","14,117.5","-0.14%"
"Jul 02, 2019","14,137.5","14,117.5","14,147.5","14,117.5","0.18%"
"Jul 01, 2019","14,112.5","14,082.5","14,117.5","14,082.5","-0.11%"
"Jun 28, 2019","14,127.5","14,132.5","14,147.5","14,097.5","-0.09%"
"Jun 27, 2019","14,140.0","14,175.0","14,185.0","14,140.0","-0.25%"
"Jun 26, 2019","14,175.0","14,135.0","14,185.0","14,135.0","0.35%"
"Jun 25, 2019","14,125.0","14,140.0","14,145.0","14,095.0","-0.11%"
"Jun 24, 2019","14,140.0","14,135.0","14,175.0","14,135.0","-0.11%"
"Jun 21, 2019","14,155.0","14,125.0","14,170.0","14,080.0","-0.19%"
"Jun 20, 2019","14,182.5","14,242.5","14,252.5","14,172.5","-0.61%"
"Jun 19, 2019","14,269.5","14,264.5","14,279.5","14,259.5","-0.37%"
"Jun 18, 2019","14,322.5","14,332.5","14,342.5","14,317.5","-0.09%"
"Jun 17, 2019","14,335.0","14,330.0","14,355.0","14,330.0","0.07%"
"Jun 14, 2019","14,325.0","14,275.0","14,330.0","14,275.0","0.32%"
"Jun 13, 2019","14,280.0","14,235.0","14,280.0","14,235.0","0.32%"
"Jun 12, 2019","14,235.0","14,225.0","14,265.0","14,220.0","-0.02%"
"Jun 11, 2019","14,237.5","14,242.5","14,260.5","14,232.5","-0.09%"
"Jun 10, 2019","14,250.0","14,205.0","14,260.0","14,205.0","-0.18%"
"Jun 07, 2019","14,275.0","14,275.0","14,275.0","14,275.0","0.00%"
"Jun 06, 2019","14,275.0","14,275.0","14,275.0","14,275.0","0.00%"
"Jun 05, 2019","14,275.0","14,275.0","14,275.0","14,275.0","0.00%"
"Jun 04, 2019","14,275.0","14,275.0","14,275.0","14,275.0","0.00%"
"Jun 03, 2019","14,275.0","14,275.0","14,275.0","14,275.0","0.00%"
"May 31, 2019","14,275.0","14,380.0","14,385.0","14,255.0","-0.87%"
"May 30, 2019","14,400.0","14,400.0","14,400.0","14,400.0","0.00%"
"May 29, 2019","14,400.0","14,385.0","14,435.0","14,385.0","0.17%"
"May 28, 2019","14,375.0","14,365.0","14,390.0","14,365.0","-0.03%"
"May 27, 2019","14,380.0","14,355.0","14,390.0","14,345.0","-0.09%"
"May 24, 2019","14,392.5","14,442.5","14,472.5","14,392.5","-0.47%"
"May 23, 2019","14,460.0","14,510.0","14,525.0","14,455.0","-0.45%"
"May 22, 2019","14,525.0","14,470.0","14,530.0","14,470.0","0.31%"
"May 21, 2019","14,480.0","14,455.0","14,480.0","14,455.0","0.17%"
"May 20, 2019","14,455.0","14,450.0","14,460.0","14,450.0","0.03%"
"May 17, 2019","14,450.0","14,460.0","14,475.0","14,445.0","0.00%"
"May 16, 2019","14,450.0","14,455.0","14,475.0","14,440.0","-0.07%"
"May 15, 2019","14,460.0","14,445.0","14,465.0","14,440.0","0.21%"
"May 14, 2019","14,430.0","14,420.0","14,460.0","14,420.0","0.10%"
"May 13, 2019","14,415.0","14,335.0","14,442.0","14,335.0","0.63%"
"May 10, 2019","14,325.0","14,325.0","14,370.0","14,325.0","-0.17%"
"May 09, 2019","14,350.0","14,300.0","14,375.0","14,300.0","0.38%"
"May 08, 2019","14,295.0","14,290.0","14,315.0","14,290.0","0.11%"
"May 07, 2019","14,280.0","14,290.0","14,320.0","14,265.0","-0.09%"
"May 06, 2019","14,292.5","14,272.5","14,332.5","14,272.5","0.26%"
"May 03, 2019","14,255.0","14,255.0","14,287.0","14,255.0","0.04%"
"May 02, 2019","14,250.0","14,205.0","14,270.0","14,205.0","0.00%"
"May 01, 2019","14,250.0","14,250.0","14,250.0","14,250.0","0.00%"
"Apr 30, 2019","14,250.0","14,195.0","14,265.0","14,195.0","0.35%"
"Apr 29, 2019","14,200.0","14,190.0","14,217.0","14,180.0","0.09%"
"Apr 26, 2019","14,187.5","14,192.5","14,202.5","14,172.5","0.02%"
"Apr 25, 2019","14,185.0","14,095.0","14,190.0","14,095.0","0.64%"
"Apr 24, 2019","14,095.0","14,090.0","14,130.0","14,090.0","0.14%"
"Apr 23, 2019","14,075.0","14,065.0","14,090.0","14,065.0","0.00%"
"Apr 22, 2019","14,075.0","14,045.0","14,097.0","14,045.0","0.23%"
"Apr 19, 2019","14,042.5","14,042.5","14,042.5","14,042.5","0.00%"
"Apr 18, 2019","14,042.5","14,002.5","14,047.5","13,992.5","-0.30%"
"Apr 17, 2019","14,085.0","14,085.0","14,085.0","14,085.0","0.00%"
"Apr 16, 2019","14,085.0","14,060.0","14,085.0","14,060.0","0.18%"
"Apr 15, 2019","14,060.0","14,085.0","14,085.0","14,060.0","-0.23%"
"Apr 12, 2019","14,092.5","14,142.5","14,152.5","14,092.5","-0.30%"
"Apr 11, 2019","14,135.0","14,150.0","14,165.0","14,135.0","-0.11%"
"Apr 10, 2019","14,150.0","14,145.0","14,170.0","14,145.0","0.12%"
"Apr 09, 2019","14,133.0","14,148.0","14,153.0","14,129.0","-0.21%"
"Apr 08, 2019","14,163.0","14,133.0","14,173.0","14,133.0","0.27%"
"Apr 05, 2019","14,125.0","14,180.0","14,180.0","14,125.0","-0.39%"
"Apr 04, 2019","14,180.0","14,190.0","14,195.0","14,175.0","-0.28%"
"Apr 03, 2019","14,220.0","14,220.0","14,220.0","14,220.0","0.00%"
"Apr 02, 2019","14,220.0","14,220.0","14,245.0","14,219.0","-0.04%"
"Apr 01, 2019","14,225.0","14,225.0","14,246.0","14,220.0","-0.11%"
"Mar 29, 2019","14,240.0","14,245.0","14,250.0","14,220.0","-0.01%"
"Mar 28, 2019","14,242.0","14,220.0","14,260.0","14,215.0","0.33%"
"Mar 27, 2019","14,195.0","14,175.0","14,225.0","14,175.0","0.18%"
"Mar 26, 2019","14,170.0","14,195.0","14,195.0","14,155.0","-0.07%"
"Mar 25, 2019","14,180.0","14,195.0","14,230.0","14,179.0","0.11%"
"Mar 22, 2019","14,165.0","14,135.0","14,170.0","14,135.0","0.18%"
"Mar 21, 2019","14,140.0","14,105.0","14,145.0","14,084.0","-0.32%"
"Mar 20, 2019","14,185.0","14,215.0","14,235.0","14,180.0","-0.32%"
"Mar 19, 2019","14,230.0","14,215.0","14,240.0","14,215.0","-0.05%"
"Mar 18, 2019","14,237.5","14,232.5","14,247.5","14,212.5","-0.15%"
"Mar 15, 2019","14,259.0","14,284.0","14,314.0","14,259.0","-0.06%"
"Mar 14, 2019","14,267.0","14,235.0","14,284.0","14,235.0","0.01%"
"Mar 13, 2019","14,265.0","14,245.0","14,286.0","14,245.0","0.00%"
"Mar 12, 2019","14,265.0","14,245.0","14,280.0","14,235.0","-0.17%"
"Mar 11, 2019","14,290.0","14,310.0","14,338.0","14,275.0","-0.14%"
"Mar 08, 2019","14,310.0","14,200.0","14,340.0","14,200.0","1.20%"
"Mar 07, 2019","14,140.0","14,140.0","14,140.0","14,140.0","0.00%"
"Mar 06, 2019","14,140.0","14,125.0","14,155.0","14,120.0","0.14%"
"Mar 05, 2019","14,120.0","14,125.0","14,155.0","14,120.0","-0.07%"
"Mar 04, 2019","14,130.0","14,120.0","14,155.0","14,115.0","0.11%"
"Mar 01, 2019","14,115.0","14,102.0","14,135.0","14,102.0","0.36%"
"Feb 28, 2019","14,065.0","14,030.0","14,083.0","14,030.0","0.25%"
"Feb 27, 2019","14,030.0","13,985.0","14,045.0","13,980.0","0.28%"
"Feb 26, 2019","13,991.0","13,963.0","14,003.0","13,963.0","-0.19%"
"Feb 25, 2019","14,017.5","13,987.5","14,022.5","13,987.5","-0.28%"
"Feb 22, 2019","14,057.5","14,067.5","14,082.5","14,049.5","-0.04%"
"Feb 21, 2019","14,063.0","14,040.0","14,075.0","14,040.0","0.16%"
"Feb 20, 2019","14,040.0","14,080.0","14,080.0","14,040.0","-0.44%"
"Feb 19, 2019","14,102.0","14,105.0","14,130.0","14,102.0","-0.03%"
"Feb 18, 2019","14,106.5","14,101.5","14,116.5","14,076.5","-0.25%"
"Feb 15, 2019","14,142.5","14,092.5","14,157.5","14,092.5","0.37%"
"Feb 14, 2019","14,090.0","14,065.0","14,100.0","14,065.0","0.23%"
"Feb 13, 2019","14,057.5","14,027.5","14,057.5","14,007.5","-0.08%"
"Feb 12, 2019","14,068.5","14,083.5","14,098.5","14,033.5","0.20%"
"Feb 11, 2019","14,040.0","13,985.0","14,050.0","13,985.0","0.54%"
"Feb 08, 2019","13,965.0","13,975.0","14,000.0","13,948.0","-0.05%"
"Feb 07, 2019","13,972.5","13,927.5","13,987.5","13,927.5","0.36%"
"Feb 06, 2019","13,922.0","13,950.0","13,950.0","13,890.0","-0.24%"
"Feb 05, 2019","13,955.0","13,955.0","13,955.0","13,955.0","0.00%"
"Feb 04, 2019","13,955.0","13,950.0","13,995.0","13,940.0","0.11%"
"Feb 01, 2019","13,940.0","13,945.0","13,985.0","13,940.0","-0.23%"
"Jan 31, 2019","13,972.5","14,132.5","14,132.5","13,957.5","-1.11%"
"Jan 30, 2019","14,130.0","14,097.0","14,132.0","14,085.0","0.25%"
"Jan 29, 2019","14,095.0","14,070.0","14,097.0","14,070.0","0.18%"
"Jan 28, 2019","14,070.0","14,065.0","14,075.0","14,025.0","-0.11%"
"Jan 25, 2019","14,085.0","14,155.0","14,170.0","14,084.0","-0.56%"
"Jan 24, 2019","14,165.0","14,135.0","14,175.0","14,120.0","-0.11%"
"Jan 23, 2019","14,180.0","14,195.0","14,200.0","14,165.0","-0.25%"
"Jan 22, 2019","14,215.0","14,210.0","14,230.0","14,185.0","-0.05%"
"Jan 21, 2019","14,222.5","14,182.5","14,232.5","14,182.5","0.34%"
"Jan 18, 2019","14,175.0","14,185.0","14,200.0","14,155.0","-0.04%"
"Jan 17, 2019","14,180.0","14,120.0","14,200.0","14,120.0","0.41%"
"Jan 16, 2019","14,122.5","14,112.5","14,162.5","14,107.5","0.21%"
"Jan 15, 2019","14,092.5","14,087.5","14,107.5","14,062.5","-0.22%"
"Jan 14, 2019","14,124.0","14,034.0","14,144.0","14,034.0","0.56%"
"Jan 11, 2019","14,045.0","14,065.0","14,095.0","14,015.0","-0.07%"
"Jan 10, 2019","14,055.0","14,055.0","14,110.0","14,005.0","-0.50%"
"Jan 09, 2019","14,125.0","14,105.0","14,180.0","14,085.0","-0.14%"
"Jan 08, 2019","14,145.0","14,050.0","14,162.0","13,995.0","0.39%"
"Jan 07, 2019","14,090.0","14,190.0","14,190.0","13,995.0","-1.26%"
"Jan 04, 2019","14,270.0","14,380.0","14,380.0","14,255.0","-0.97%"
"Jan 03, 2019","14,410.0","14,445.0","14,490.0","14,410.0","-0.28%"
"Jan 02, 2019","14,450.0","14,425.0","14,485.0","14,425.0","0.49%"
"Jan 01, 2019","14,380.0","14,380.0","14,380.0","14,380.0","0.00%"
"Dec 31, 2018","14,380.0","14,485.0","14,496.0","14,380.0","-1.24%"
"Dec 28, 2018","14,560.0","14,560.0","14,575.0","14,535.0","0.00%"
"Dec 27, 2018","14,560.0","14,555.0","14,595.0","14,555.0","-0.10%"
"Dec 26, 2018","14,575.0","14,580.0","14,610.0","14,565.0","0.14%"
"Dec 25, 2018","14,555.0","14,555.0","14,555.0","14,555.0","0.00%"
"Dec 24, 2018","14,555.0","14,555.0","14,555.0","14,555.0","0.00%"
"Dec 21, 2018","14,555.0","14,480.0","14,560.0","14,454.0","0.59%"
"Dec 20, 2018","14,470.0","14,465.0","14,520.0","14,455.0","0.19%"
"Dec 19, 2018","14,442.5","14,437.5","14,442.5","14,337.5","-0.40%"
"Dec 18, 2018","14,500.0","14,555.0","14,560.0","14,480.0","-0.51%"
"Dec 17, 2018","14,575.0","14,585.0","14,630.0","14,574.0","-0.07%"
"Dec 14, 2018","14,585.0","14,505.0","14,585.0","14,505.0","0.60%"
"Dec 13, 2018","14,497.5","14,527.5","14,557.5","14,479.5","-0.69%"
"Dec 12, 2018","14,597.5","14,562.5","14,602.5","14,552.5","-0.02%"
"Dec 11, 2018","14,600.0","14,585.0","14,655.0","14,585.0","0.31%"
"Dec 10, 2018","14,555.0","14,475.0","14,555.0","14,475.0","0.59%"
"Dec 07, 2018","14,470.0","14,495.0","14,536.0","14,455.0","-0.34%"
"Dec 06, 2018","14,520.0","14,435.0","14,570.0","14,435.0","0.87%"
"Dec 05, 2018","14,395.0","14,355.0","14,430.0","14,354.0","0.73%"
"Dec 04, 2018","14,290.0","14,305.0","14,325.0","14,265.0","0.35%"
"Dec 03, 2018","14,240.0","14,255.0","14,270.0","14,210.0","-0.44%"
"Nov 30, 2018","14,302.5","14,302.5","14,352.5","14,252.5","-0.56%"
"Nov 29, 2018","14,382.5","14,462.5","14,462.5","14,332.5","-1.00%"
"Nov 28, 2018","14,527.5","14,513.5","14,542.5","14,509.5","0.10%"
"Nov 27, 2018","14,513.5","14,488.5","14,518.5","14,478.5","0.27%"
"Nov 26, 2018","14,475.0","14,540.0","14,565.0","14,455.0","-0.45%"
"Nov 23, 2018","14,540.0","14,555.0","14,562.0","14,505.0","-0.26%"
"Nov 22, 2018","14,577.5","14,597.5","14,607.5","14,567.5","-0.19%"
"Nov 21, 2018","14,605.0","14,615.0","14,645.0","14,565.0","0.10%"
"Nov 20, 2018","14,590.0","14,590.0","14,590.0","14,590.0","0.00%"
"Nov 19, 2018","14,590.0","14,520.0","14,625.0","14,520.0","-0.15%"
"Nov 16, 2018","14,611.5","14,603.5","14,613.5","14,533.5","-0.45%"
"Nov 15, 2018","14,677.5","14,742.5","14,777.5","14,632.5","-0.74%"
"Nov 14, 2018","14,787.0","14,802.0","14,802.0","14,732.0","-0.16%"
"Nov 13, 2018","14,810.0","14,840.0","14,935.0","14,755.0","-0.03%"
"Nov 12, 2018","14,815.0","14,705.0","14,835.0","14,705.0","0.89%"
"Nov 09, 2018","14,685.0","14,605.0","14,695.0","14,605.0","1.00%"
"Nov 08, 2018","14,540.0","14,601.0","14,670.0","14,455.0","-0.27%"
"Nov 07, 2018","14,580.0","14,775.0","14,805.0","14,580.0","-1.50%"
"Nov 06, 2018","14,802.5","14,952.5","14,952.5","14,782.5","-1.16%"
"Nov 05, 2018","14,976.0","14,951.0","14,988.0","14,951.0","0.16%"
"Nov 02, 2018","14,952.5","15,087.5","15,097.5","14,942.5","-1.16%"
"Nov 01, 2018","15,127.5","15,182.5","15,200.5","15,116.5","-0.49%"
"Oct 31, 2018","15,202.5","15,217.5","15,233.5","15,197.5","-0.13%"
"Oct 30, 2018","15,223.0","15,221.0","15,241.0","15,216.0","0.02%"
"Oct 29, 2018","15,220.0","15,205.0","15,230.0","15,205.0","0.02%"
"Oct 26, 2018","15,216.5","15,186.5","15,216.5","15,185.5","0.19%"
"Oct 25, 2018","15,187.5","15,202.5","15,212.5","15,182.5","-0.06%"
"Oct 24, 2018","15,197.0","15,182.0","15,199.0","15,177.0","0.05%"
"Oct 23, 2018","15,190.0","15,190.0","15,217.0","15,190.0","0.03%"
"Oct 22, 2018","15,185.0","15,185.0","15,200.0","15,180.0","-0.02%"
"Oct 19, 2018","15,187.5","15,197.5","15,222.5","15,177.5","-0.04%"
"Oct 18, 2018","15,193.5","15,161.5","15,196.5","15,161.5","0.25%"
"Oct 17, 2018","15,155.0","15,155.0","15,195.0","15,145.0","-0.30%"
"Oct 16, 2018","15,200.0","15,185.0","15,230.0","15,175.0","-0.07%"
"Oct 15, 2018","15,210.0","15,210.0","15,260.0","15,190.0","0.03%"
"Oct 12, 2018","15,205.0","15,205.0","15,205.0","15,180.0","-0.20%"
"Oct 11, 2018","15,235.0","15,215.0","15,270.0","15,215.0","0.21%"
"Oct 10, 2018","15,203.0","15,185.0","15,230.0","15,180.0","-0.18%"
"Oct 09, 2018","15,230.0","15,210.0","15,258.0","15,210.0","0.08%"
"Oct 08, 2018","15,217.5","15,186.5","15,260.5","15,186.5","0.25%"
"Oct 05, 2018","15,180.0","15,183.0","15,193.0","15,160.0","0.07%"
"Oct 04, 2018","15,170.0","15,100.0","15,195.0","15,100.0","0.63%"
"Oct 03, 2018","15,075.0","15,050.0","15,095.0","15,050.0","0.20%"
"Oct 02, 2018","15,045.0","14,915.0","15,053.0","14,915.0","0.91%"
"Oct 01, 2018","14,910.0","14,885.0","14,915.0","14,885.0","0.06%"
"Sep 28, 2018","14,901.5","14,931.5","14,936.5","14,886.5","-0.10%"
"Sep 27, 2018","14,917.0","14,915.0","14,930.0","14,885.0","0.08%"
"Sep 26, 2018","14,905.0","14,930.0","14,945.0","14,905.0","-0.10%"
"Sep 25, 2018","14,920.0","14,870.0","14,920.0","14,870.0","0.35%"
"Sep 24, 2018","14,867.5","14,832.5","14,885.5","14,832.5","0.33%"
"Sep 21, 2018","14,819.0","14,813.0","14,838.0","14,793.0","-0.18%"
"Sep 20, 2018","14,845.0","14,825.0","14,856.0","14,815.0","-0.20%"
"Sep 19, 2018","14,875.0","14,855.0","14,910.0","14,855.0","0.13%"
"Sep 18, 2018","14,855.0","14,890.0","14,935.0","14,855.0","-0.15%"
"Sep 17, 2018","14,877.5","14,837.5","14,917.5","14,837.5","0.49%"
"Sep 14, 2018","14,805.0","14,785.0","14,845.0","14,775.0","-0.24%"
"Sep 13, 2018","14,840.0","14,805.0","14,847.0","14,775.0","0.10%"
"Sep 12, 2018","14,825.0","14,825.0","14,890.0","14,825.0","-0.22%"
"Sep 11, 2018","14,857.0","14,857.0","14,857.0","14,857.0","0.00%"
"Sep 10, 2018","14,857.0","14,825.0","14,880.0","14,820.0","0.25%"
"Sep 07, 2018","14,820.0","14,870.0","14,904.0","14,820.0","-0.47%"
"Sep 06, 2018","14,890.0","14,905.0","14,910.0","14,854.0","-0.30%"
"Sep 05, 2018","14,935.0","14,930.0","14,945.0","14,929.0","0.00%"
"Sep 04, 2018","14,935.0","14,820.0","14,945.0","14,820.0","0.81%"
"Sep 03, 2018","14,815.0","14,740.0","14,830.0","14,740.0","0.58%"
"Aug 31, 2018","14,730.0","14,715.0","14,735.0","14,715.0","0.27%"
"Aug 30, 2018","14,690.0","14,655.0","14,690.0","14,650.0","0.24%"
"Aug 29, 2018","14,655.0","14,625.0","14,658.0","14,625.0","0.23%"
"Aug 28, 2018","14,622.0","14,585.0","14,630.0","14,585.0","0.01%"
"Aug 27, 2018","14,620.0","14,605.0","14,630.0","14,585.0","-0.15%"
"Aug 24, 2018","14,642.0","14,650.0","14,665.0","14,640.0","0.08%"
"Aug 23, 2018","14,630.0","14,600.0","14,642.0","14,600.0","0.34%"
"Aug 22, 2018","14,580.0","14,580.0","14,580.0","14,580.0","0.00%"
"Aug 21, 2018","14,580.0","14,550.0","14,590.0","14,550.0","-0.07%"
"Aug 20, 2018","14,590.0","14,560.0","14,595.0","14,555.0","-0.14%"
"Aug 17, 2018","14,610.0","14,610.0","14,610.0","14,610.0","0.00%"
"Aug 16, 2018","14,610.0","14,635.0","14,635.0","14,580.0","0.07%"
"Aug 15, 2018","14,600.0","14,600.0","14,651.0","14,570.0","0.14%"
"Aug 14, 2018","14,580.0","14,602.0","14,635.0","14,575.0","-0.10%"
"Aug 13, 2018","14,595.0","14,495.0","14,630.0","14,495.0","0.83%"
"Aug 10, 2018","14,475.0","14,425.0","14,482.0","14,425.0","0.45%"
"Aug 09, 2018","14,410.0","14,430.0","14,440.0","14,395.0","-0.17%"
"Aug 08, 2018","14,435.0","14,438.0","14,450.0","14,430.0","-0.03%"
"Aug 07, 2018","14,440.0","14,486.0","14,493.0","14,434.0","-0.21%"
"Aug 06, 2018","14,470.0","14,495.0","14,495.0","14,465.0","-0.16%"
"Aug 03, 2018","14,492.5","14,487.5","14,517.5","14,487.5","0.12%"
"Aug 02, 2018","14,475.0","14,440.0","14,480.0","14,440.0","0.24%"
"Aug 01, 2018","14,440.0","14,430.0","14,455.0","14,430.0","0.14%"
"Jul 31, 2018","14,420.0","14,405.0","14,427.0","14,402.0","0.07%"
"Jul 30, 2018","14,410.0","14,385.0","14,420.0","14,385.0","-0.05%"
"Jul 27, 2018","14,417.5","14,457.5","14,492.5","14,372.5","-0.29%"
"Jul 26, 2018","14,460.0","14,425.0","14,475.0","14,415.0","0.00%"
"Jul 25, 2018","14,460.0","14,500.0","14,530.0","14,460.0","-0.48%"
"Jul 24, 2018","14,530.0","14,510.0","14,565.0","14,510.0","0.28%"
"Jul 23, 2018","14,490.0","14,430.0","14,498.0","14,425.0","0.07%"
"Jul 20, 2018","14,480.0","14,485.0","14,545.0","14,475.0","0.03%"
"Jul 19, 2018","14,475.0","14,405.0","14,480.0","14,405.0","0.49%"
"Jul 18, 2018","14,405.0","14,390.0","14,422.0","14,390.0","0.24%"
"Jul 17, 2018","14,370.0","14,385.0","14,400.0","14,362.0","-0.03%"
"Jul 16, 2018","14,375.0","14,390.0","14,420.0","14,375.0","-0.03%"
"Jul 13, 2018","14,380.0","14,340.0","14,386.0","14,340.0","0.00%"
"Jul 12, 2018","14,380.0","14,405.0","14,445.0","14,380.0","-0.03%"
"Jul 11, 2018","14,385.0","14,375.0","14,395.0","14,375.0","0.17%"
"Jul 10, 2018","14,360.0","14,305.0","14,375.0","14,305.0","0.24%"
"Jul 09, 2018","14,325.0","14,330.0","14,345.0","14,320.0","-0.31%"
"Jul 06, 2018","14,370.0","14,375.0","14,422.0","14,358.0","-0.10%"
"Jul 05, 2018","14,385.0","14,365.0","14,425.0","14,365.0","0.23%"
"Jul 04, 2018","14,352.0","14,330.0","14,370.0","14,310.0","-0.19%"
"Jul 03, 2018","14,380.0","14,370.0","14,460.0","14,370.0","0.00%"
"Jul 02, 2018","14,380.0","14,255.0","14,410.0","14,255.0","0.35%"
"Jun 29, 2018","14,330.0","14,365.0","14,415.0","14,305.0","-0.42%"
"Jun 28, 2018","14,390.0","14,220.0","14,400.0","14,195.0","1.50%"
"Jun 27, 2018","14,178.0","14,178.0","14,178.0","14,178.0","0.00%"
"Jun 26, 2018","14,178.0","14,130.0","14,185.0","14,130.0","0.16%"
"Jun 25, 2018","14,155.0","14,103.0","14,165.0","14,103.0","0.53%"
"Jun 22, 2018","14,080.0","14,095.0","14,110.0","14,058.0","-0.16%"
"Jun 21, 2018","14,103.0","13,975.0","14,111.0","13,975.0","1.24%"
"Jun 20, 2018","13,930.0","13,930.0","13,930.0","13,930.0","0.00%"
"Jun 19, 2018","13,930.0","13,930.0","13,930.0","13,930.0","0.00%"
"Jun 18, 2018","13,930.0","13,930.0","13,930.0","13,930.0","0.00%"
"Jun 15, 2018","13,930.0","13,930.0","13,930.0","13,930.0","0.00%"
"Jun 14, 2018","13,930.0","13,930.0","13,930.0","13,930.0","0.00%"
"Jun 13, 2018","13,930.0","13,930.0","13,930.0","13,930.0","0.00%"
"Jun 12, 2018","13,930.0","13,930.0","13,930.0","13,930.0","0.00%"
"Jun 11, 2018","13,930.0","13,930.0","13,930.0","13,930.0","0.00%"
"Jun 08, 2018","13,930.0","13,906.0","13,947.0","13,895.0","0.43%"
"Jun 07, 2018","13,870.0","13,860.0","13,887.0","13,850.0","0.13%"
"Jun 06, 2018","13,852.5","13,882.5","13,885.5","13,832.5","-0.19%"
"Jun 05, 2018","13,879.0","13,865.0","13,900.0","13,865.0","0.05%"
"Jun 04, 2018","13,872.0","13,855.0","13,901.0","13,850.0","-0.17%"
"Jun 01, 2018","13,895.0","13,895.0","13,895.0","13,895.0","0.00%"
"May 31, 2018","13,895.0","13,945.0","13,961.0","13,875.0","-0.68%"
"May 30, 2018","13,990.0","14,025.0","14,045.0","13,970.0","0.00%"
"May 29, 2018","13,990.0","13,990.0","13,990.0","13,990.0","0.00%"
"May 28, 2018","13,990.0","14,085.0","14,085.0","13,975.0","-0.92%"
"May 25, 2018","14,120.0","14,145.0","14,175.0","14,120.0","-0.11%"
"May 24, 2018","14,135.0","14,180.0","14,215.0","14,130.0","-0.51%"
"May 23, 2018","14,207.0","14,155.0","14,215.0","14,155.0","0.49%"
"May 22, 2018","14,138.0","14,155.0","14,192.0","14,125.0","-0.33%"
"May 21, 2018","14,185.0","14,155.0","14,205.0","14,155.0","0.23%"
"May 18, 2018","14,152.5","14,042.5","14,157.5","14,042.5","0.72%"
"May 17, 2018","14,052.0","14,065.0","14,082.0","14,045.0","-0.29%"
"May 16, 2018","14,093.0","14,070.0","14,115.0","14,070.0","0.40%"
"May 15, 2018","14,037.0","13,984.0","14,040.0","13,984.0","0.48%"
"May 14, 2018","13,970.0","13,955.0","13,990.0","13,945.0","0.14%"
"May 11, 2018","13,950.0","14,075.0","14,075.0","13,950.0","-0.92%"
"May 10, 2018","14,080.0","14,080.0","14,080.0","14,080.0","0.00%"
"May 09, 2018","14,080.0","14,060.0","14,090.0","14,060.0","0.21%"
"May 08, 2018","14,050.0","14,000.0","14,055.0","14,000.0","0.36%"
"May 07, 2018","14,000.0","13,940.0","14,005.0","13,940.0","0.43%"
"May 04, 2018","13,940.0","13,930.0","13,952.0","13,930.0","0.02%"
"May 03, 2018","13,937.5","13,952.5","13,975.5","13,936.5","-0.05%"
"May 02, 2018","13,945.0","13,920.0","13,965.0","13,920.0","0.23%"
"May 01, 2018","13,912.5","13,912.5","13,912.5","13,912.5","0.00%"
"Apr 30, 2018","13,912.5","13,862.5","13,912.5","13,862.5","0.16%"
"Apr 27, 2018","13,890.0","13,875.0","13,901.0","13,874.0","0.02%"
"Apr 26, 2018","13,887.5","13,912.5","13,932.5","13,881.5","-0.23%"
"Apr 25, 2018","13,920.0","13,877.0","13,925.0","13,875.0","0.23%"
"Apr 24, 2018","13,887.5","13,897.5","13,901.5","13,882.5","-0.05%"
"Apr 23, 2018","13,895.0","13,900.0","13,900.0","13,894.0","0.13%"
"Apr 20, 2018","13,877.5","13,792.5","13,877.5","13,787.5","0.70%"
"Apr 19, 2018","13,781.0","13,771.0","13,785.0","13,769.0","0.05%"
"Apr 18, 2018","13,774.5","13,766.5","13,776.5","13,766.5","0.06%"
"Apr 17, 2018","13,766.0","13,761.0","13,773.0","13,751.0","-0.06%"
"Apr 16, 2018","13,774.5","13,752.5","13,779.5","13,752.5","0.16%"
"Apr 13, 2018","13,752.5","13,742.5","13,760.5","13,740.5","-0.12%"
"Apr 12, 2018","13,769.5","13,755.5","13,770.5","13,750.5","0.08%"
"Apr 11, 2018","13,758.5","13,744.5","13,761.5","13,741.5","0.07%"
"Apr 10, 2018","13,749.0","13,761.0","13,762.0","13,736.0","-0.11%"
"Apr 09, 2018","13,764.5","13,764.5","13,775.5","13,759.5","-0.07%"
"Apr 06, 2018","13,773.5","13,773.5","13,783.5","13,773.5","0.05%"
"Apr 05, 2018","13,766.5","13,762.5","13,772.5","13,762.5","0.00%"
"Apr 04, 2018","13,766.5","13,763.5","13,768.5","13,753.5","0.01%"
"Apr 03, 2018","13,764.5","13,761.5","13,767.5","13,751.5","0.08%"
"Apr 02, 2018","13,754.0","13,741.0","13,761.0","13,741.0","-0.08%"
"Mar 30, 2018","13,765.0","13,765.0","13,765.0","13,765.0","0.00%"
"Mar 29, 2018","13,765.0","13,767.0","13,775.0","13,749.0","0.01%"
"Mar 28, 2018","13,763.0","13,748.0","13,768.0","13,733.0","0.15%"
"Mar 27, 2018","13,742.0","13,717.0","13,747.0","13,697.0","0.01%"
"Mar 26, 2018","13,740.0","13,780.0","13,785.0","13,740.0","-0.31%"
"Mar 23, 2018","13,782.5","13,762.5","13,796.5","13,762.5","0.22%"
"Mar 22, 2018","13,752.5","13,727.5","13,753.5","13,727.5","-0.07%"
"Mar 21, 2018","13,762.5","13,757.5","13,766.5","13,752.5","0.09%"
"Mar 20, 2018","13,750.0","13,766.0","13,768.0","13,750.0","-0.11%"
"Mar 19, 2018","13,764.5","13,765.5","13,765.5","13,755.5","0.11%"
"Mar 16, 2018","13,749.0","13,764.0","13,770.0","13,744.0","0.01%"
"Mar 15, 2018","13,747.5","13,737.5","13,752.5","13,737.5","0.08%"
"Mar 14, 2018","13,736.5","13,741.5","13,742.5","13,726.5","-0.10%"
"Mar 13, 2018","13,750.5","13,764.5","13,764.5","13,749.5","-0.14%"
"Mar 12, 2018","13,770.0","13,770.0","13,780.0","13,770.0","-0.08%"
"Mar 09, 2018","13,781.0","13,794.0","13,799.0","13,774.0","-0.03%"
"Mar 08, 2018","13,785.0","13,760.0","13,785.0","13,760.0","0.14%"
"Mar 07, 2018","13,766.0","13,754.0","13,776.0","13,754.0","-0.07%"
"Mar 06, 2018","13,775.0","13,750.0","13,785.0","13,745.0","0.09%"
"Mar 05, 2018","13,762.5","13,737.5","13,775.5","13,737.5","0.04%"
"Mar 02, 2018","13,757.5","13,722.5","13,762.5","13,722.5","0.07%"
"Mar 01, 2018","13,747.5","13,782.5","13,802.5","13,742.5","0.02%"
"Feb 28, 2018","13,745.0","13,705.0","13,755.0","13,705.0","0.51%"
"Feb 27, 2018","13,675.0","13,652.0","13,685.0","13,650.0","0.11%"
"Feb 26, 2018","13,660.0","13,660.0","13,665.0","13,645.0","-0.05%"
"Feb 23, 2018","13,667.5","13,667.5","13,684.5","13,662.5","-0.11%"
"Feb 22, 2018","13,682.5","13,652.5","13,690.5","13,652.5","0.47%"
"Feb 21, 2018","13,618.5","13,575.5","13,618.5","13,570.5","0.04%"
"Feb 20, 2018","13,612.5","13,562.5","13,615.5","13,562.5","0.38%"
"Feb 19, 2018","13,560.5","13,552.5","13,562.5","13,532.5","0.01%"
"Feb 16, 2018","13,558.5","13,558.5","13,558.5","13,558.5","0.00%"
"Feb 15, 2018","13,558.5","13,591.5","13,591.5","13,541.5","-0.51%"
"Feb 14, 2018","13,628.5","13,647.5","13,662.5","13,612.5","-0.21%"
"Feb 13, 2018","13,657.5","13,632.5","13,657.5","13,632.5","0.00%"
"Feb 12, 2018","13,657.5","13,607.5","13,657.5","13,597.5","0.22%"
"Feb 09, 2018","13,627.5","13,642.5","13,650.5","13,617.5","0.17%"
"Feb 08, 2018","13,605.0","13,605.0","13,627.0","13,595.0","0.38%"
"Feb 07, 2018","13,553.0","13,526.0","13,561.0","13,523.0","0.00%"
"Feb 06, 2018","13,552.5","13,567.5","13,607.5","13,552.5","0.20%"
"Feb 05, 2018","13,525.0","13,495.0","13,530.0","13,495.0","0.55%"
"Feb 02, 2018","13,451.5","13,413.5","13,453.5","13,413.5","0.18%"
"Feb 01, 2018","13,427.0","13,387.0","13,432.0","13,387.0","0.29%"
"Jan 31, 2018","13,388.5","13,421.5","13,426.5","13,376.5","-0.33%"
"Jan 30, 2018","13,432.5","13,382.5","13,442.5","13,382.5","0.52%"
"Jan 29, 2018","13,363.5","13,311.5","13,363.5","13,311.5","0.42%"
"Jan 26, 2018","13,307.0","13,296.0","13,311.0","13,296.0","0.14%"
"Jan 25, 2018","13,288.5","13,291.5","13,296.5","13,266.5","-0.19%"
"Jan 24, 2018","13,313.5","13,317.5","13,330.5","13,309.5","-0.09%"
"Jan 23, 2018","13,325.0","13,335.0","13,336.0","13,310.0","-0.17%"
"Jan 22, 2018","13,347.5","13,320.5","13,350.5","13,320.5","0.26%"
"Jan 19, 2018","13,313.5","13,338.5","13,343.5","13,286.5","-0.24%"
"Jan 18, 2018","13,346.0","13,361.0","13,371.0","13,341.0","-0.09%"
"Jan 17, 2018","13,357.5","13,317.5","13,362.5","13,317.5","0.15%"
"Jan 16, 2018","13,337.5","13,330.5","13,340.5","13,325.5","0.02%"
"Jan 15, 2018","13,334.5","13,325.5","13,338.5","13,315.5","-0.14%"
"Jan 12, 2018","13,353.5","13,368.5","13,371.5","13,353.5","-0.34%"
"Jan 11, 2018","13,399.5","13,428.5","13,430.5","13,399.5","-0.28%"
"Jan 10, 2018","13,436.5","13,435.5","13,455.5","13,427.5","-0.01%"
"Jan 09, 2018","13,437.5","13,429.5","13,440.5","13,407.5","0.08%"
"Jan 08, 2018","13,426.5","13,405.5","13,426.5","13,390.5","0.08%"
"Jan 05, 2018","13,415.5","13,413.5","13,435.5","13,392.5","-0.06%"
"Jan 04, 2018","13,423.5","13,466.5","13,481.5","13,411.5","-0.40%"
"Jan 03, 2018","13,478.0","13,500.0","13,509.0","13,476.0","-0.29%"
"Jan 02, 2018","13,517.5","13,537.5","13,555.5","13,514.5","-0.37%"
"Jan 01, 2018","13,567.5","13,567.5","13,567.5","13,567.5","0.00%"
"Dec 29, 2017","13,567.5","13,542.5","13,567.5","13,542.5","0.04%"
"Dec 28, 2017","13,562.0","13,554.0","13,566.0","13,554.0","0.01%"
"Dec 27, 2017","13,560.5","13,551.5","13,565.5","13,551.5","-0.00%"
"Dec 26, 2017","13,561.0","13,561.0","13,561.0","13,561.0","0.00%"
"Dec 25, 2017","13,561.0","13,561.0","13,561.0","13,561.0","0.00%"
"Dec 22, 2017","13,561.0","13,556.0","13,562.0","13,546.0","0.03%"
"Dec 21, 2017","13,557.5","13,542.5","13,567.5","13,537.5","-0.15%"
"Dec 20, 2017","13,577.5","13,577.5","13,584.5","13,577.5","0.01%"
"Dec 19, 2017","13,576.5","13,576.5","13,588.5","13,574.5","-0.04%"
"Dec 18, 2017","13,581.5","13,571.5","13,588.5","13,571.5","0.02%"
"Dec 15, 2017","13,578.5","13,566.5","13,578.5","13,563.5","0.01%"
"Dec 14, 2017","13,577.5","13,562.5","13,580.5","13,560.5","-0.06%"
"Dec 13, 2017","13,585.0","13,595.0","13,596.0","13,585.0","0.12%"
"Dec 12, 2017","13,568.5","13,549.5","13,571.5","13,546.5","0.12%"
"Dec 11, 2017","13,552.5","13,542.5","13,552.5","13,542.5","0.04%"
"Dec 08, 2017","13,547.5","13,557.5","13,560.5","13,539.5","-0.04%"
"Dec 07, 2017","13,553.5","13,548.5","13,558.5","13,547.5","0.11%"
"Dec 06, 2017","13,539.0","13,521.0","13,539.0","13,516.0","0.15%"
"Dec 05, 2017","13,519.0","13,511.0","13,520.0","13,511.0","-0.05%"
"Dec 04, 2017","13,526.0","13,531.0","13,533.0","13,516.0","0.00%"
"Dec 01, 2017","13,526.0","13,526.0","13,526.0","13,526.0","0.00%"
"Nov 30, 2017","13,526.0","13,512.0","13,526.0","13,512.0","0.17%"
"Nov 29, 2017","13,502.5","13,510.5","13,517.5","13,495.5","-0.04%"
"Nov 28, 2017","13,508.5","13,528.5","13,530.5","13,503.5","-0.07%"
"Nov 27, 2017","13,518.5","13,504.5","13,521.5","13,504.5","0.12%"
"Nov 24, 2017","13,502.5","13,507.5","13,513.5","13,500.5","-0.08%"
"Nov 23, 2017","13,513.0","13,507.0","13,517.0","13,492.0","-0.10%"
"Nov 22, 2017","13,526.0","13,518.0","13,527.0","13,511.0","-0.06%"
"Nov 21, 2017","13,533.5","13,531.5","13,546.5","13,531.5","-0.01%"
"Nov 20, 2017","13,535.0","13,522.0","13,537.0","13,517.0","0.06%"
"Nov 17, 2017","13,527.5","13,522.5","13,530.5","13,512.5","-0.11%"
"Nov 16, 2017","13,542.0","13,542.0","13,549.0","13,532.0","0.05%"
"Nov 15, 2017","13,535.0","13,542.0","13,547.0","13,527.0","-0.14%"
"Nov 14, 2017","13,553.5","13,546.5","13,555.5","13,528.5","0.01%"
"Nov 13, 2017","13,551.5","13,551.5","13,558.5","13,545.5","0.14%"
"Nov 10, 2017","13,532.5","13,507.5","13,537.5","13,507.5","0.13%"
"Nov 09, 2017","13,515.0","13,518.0","13,520.0","13,509.0","-0.01%"
"Nov 08, 2017","13,517.0","13,522.0","13,530.0","13,515.0","0.03%"
"Nov 07, 2017","13,513.5","13,496.5","13,514.5","13,491.5","-0.08%"
"Nov 06, 2017","13,524.5","13,531.5","13,539.5","13,516.5","0.20%"
"Nov 03, 2017","13,497.5","13,517.5","13,517.5","13,467.5","-0.39%"
"Nov 02, 2017","13,551.0","13,571.0","13,576.0","13,541.0","-0.21%"
"Nov 01, 2017","13,580.0","13,585.0","13,600.0","13,575.0","0.13%"
"Oct 31, 2017","13,562.5","13,562.5","13,578.5","13,552.5","-0.16%"
"Oct 30, 2017","13,584.0","13,589.0","13,609.0","13,574.0","-0.24%"
"Oct 27, 2017","13,616.5","13,633.5","13,643.5","13,608.5","0.26%"
"Oct 26, 2017","13,581.5","13,561.5","13,601.5","13,551.5","0.03%"
"Oct 25, 2017","13,577.5","13,562.5","13,577.5","13,562.5","0.33%"
"Oct 24, 2017","13,532.5","13,529.5","13,536.5","13,522.5","-0.07%"
"Oct 23, 2017","13,542.5","13,532.5","13,543.5","13,527.5","0.18%"
"Oct 20, 2017","13,518.5","13,511.5","13,526.5","13,501.5","-0.03%"
"Oct 19, 2017","13,523.0","13,512.0","13,532.0","13,510.0","0.05%"
"Oct 18, 2017","13,516.0","13,504.0","13,516.0","13,501.0","0.07%"
"Oct 17, 2017","13,506.5","13,486.5","13,513.5","13,481.5","0.18%"
"Oct 16, 2017","13,482.5","13,482.5","13,489.5","13,467.5","-0.12%"
"Oct 13, 2017","13,499.0","13,503.0","13,518.0","13,491.0","-0.04%"
"Oct 12, 2017","13,504.5","13,508.5","13,525.5","13,490.5","-0.09%"
"Oct 11, 2017","13,517.0","13,492.0","13,527.0","13,492.0","0.03%"
"Oct 10, 2017","13,513.0","13,501.0","13,513.0","13,481.0","-0.03%"
"Oct 09, 2017","13,516.5","13,501.5","13,516.5","13,495.5","0.09%"
"Oct 06, 2017","13,504.0","13,486.0","13,506.0","13,476.0","0.35%"
"Oct 05, 2017","13,457.5","13,482.5","13,492.5","13,457.5","-0.14%"
"Oct 04, 2017","13,476.5","13,496.5","13,496.5","13,456.5","-0.49%"
"Oct 03, 2017","13,542.5","13,587.5","13,587.5","13,535.5","0.04%"
"Oct 02, 2017","13,537.5","13,477.5","13,577.5","13,477.5","0.49%"
"Sep 29, 2017","13,471.5","13,476.5","13,496.5","13,446.5","-0.32%"
"Sep 28, 2017","13,515.0","13,427.0","13,555.0","13,427.0","0.56%"
"Sep 27, 2017","13,440.0","13,385.0","13,440.0","13,370.0","0.47%"
"Sep 26, 2017","13,376.5","13,341.5","13,381.5","13,341.5","0.38%"
"Sep 25, 2017","13,326.0","13,296.0","13,326.0","13,296.0","0.10%"
"Sep 22, 2017","13,312.5","13,327.5","13,342.5","13,307.5","0.23%"
"Sep 21, 2017","13,281.5","13,281.5","13,281.5","13,281.5","0.00%"
"Sep 20, 2017","13,281.5","13,277.5","13,284.5","13,265.5","0.02%"
"Sep 19, 2017","13,278.5","13,258.5","13,278.5","13,253.5","0.18%"
"Sep 18, 2017","13,255.0","13,245.0","13,257.0","13,235.0","0.11%"
"Sep 15, 2017","13,240.0","13,262.0","13,269.0","13,230.0","-0.07%"
"Sep 14, 2017","13,249.5","13,230.5","13,249.5","13,230.5","0.36%"
"Sep 13, 2017","13,202.5","13,206.5","13,214.5","13,198.5","0.06%"
"Sep 12, 2017","13,195.0","13,195.0","13,227.0","13,180.0","0.25%"
"Sep 11, 2017","13,162.5","13,187.5","13,187.5","13,137.5","-0.31%"
"Sep 08, 2017","13,204.0","13,294.0","13,294.0","13,204.0","-0.77%"
"Sep 07, 2017","13,306.5","13,333.5","13,333.5","13,305.5","-0.23%"
"Sep 06, 2017","13,337.5","13,334.5","13,340.5","13,334.5","0.00%"
"Sep 05, 2017","13,337.5","13,335.5","13,340.5","13,330.5","-0.04%"
"Sep 04, 2017","13,342.5","13,341.5","13,346.5","13,336.5","-0.00%"
"Sep 01, 2017","13,343.0","13,343.0","13,343.0","13,343.0","0.00%"
"Aug 31, 2017","13,343.0","13,346.0","13,353.0","13,337.0","-0.03%"
"Aug 30, 2017","13,346.5","13,339.5","13,348.5","13,339.5","0.05%"
"Aug 29, 2017","13,339.5","13,341.5","13,349.5","13,335.5","-0.00%"
"Aug 28, 2017","13,340.0","13,333.0","13,341.0","13,331.0","-0.04%"
"Aug 25, 2017","13,345.5","13,335.5","13,348.5","13,335.5","-0.01%"
"Aug 24, 2017","13,346.5","13,347.5","13,355.5","13,340.5","-0.09%"
"Aug 23, 2017","13,358.5","13,333.5","13,362.5","13,333.5","0.12%"
"Aug 22, 2017","13,343.0","13,341.0","13,347.0","13,334.0","-0.06%"
"Aug 21, 2017","13,350.5","13,354.5","13,359.5","13,347.5","-0.09%"
"Aug 18, 2017","13,362.0","13,361.0","13,370.0","13,356.0","-0.12%"
"Aug 17, 2017","13,378.5","13,378.5","13,378.5","13,378.5","0.00%"
"Aug 16, 2017","13,378.5","13,356.5","13,381.5","13,356.5","0.13%"
"Aug 15, 2017","13,361.0","13,348.0","13,361.0","13,341.0","0.09%"
"Aug 14, 2017","13,349.0","13,347.0","13,352.0","13,337.0","-0.06%"
"Aug 11, 2017","13,357.5","13,362.5","13,377.5","13,352.5","0.18%"
"Aug 10, 2017","13,334.0","13,339.0","13,351.0","13,334.0","0.01%"
"Aug 09, 2017","13,332.5","13,320.5","13,333.5","13,318.5","0.15%"
"Aug 08, 2017","13,313.0","13,320.0","13,320.0","13,301.0","-0.06%"
"Aug 07, 2017","13,321.0","13,319.0","13,322.0","13,316.0","0.04%"
"Aug 04, 2017","13,316.0","13,322.0","13,325.0","13,313.0","-0.07%"
"Aug 03, 2017","13,325.5","13,328.5","13,331.5","13,325.5","0.01%"
"Aug 02, 2017","13,324.0","13,323.0","13,334.0","13,321.0","0.00%"
"Aug 01, 2017","13,324.0","13,316.0","13,324.0","13,311.0","-0.01%"
"Jul 31, 2017","13,325.0","13,323.0","13,327.0","13,321.0","-0.01%"
"Jul 28, 2017","13,326.5","13,315.5","13,330.5","13,315.5","0.06%"
"Jul 27, 2017","13,318.0","13,311.0","13,321.0","13,310.0","-0.13%"
"Jul 26, 2017","13,336.0","13,331.0","13,341.0","13,329.0","0.08%"
"Jul 25, 2017","13,326.0","13,312.0","13,326.0","13,311.0","0.12%"
"Jul 24, 2017","13,310.0","13,315.0","13,321.0","13,306.0","-0.02%"
"Jul 21, 2017","13,312.5","13,319.5","13,325.5","13,309.5","-0.16%"
"Jul 20, 2017","13,334.5","13,314.5","13,337.5","13,312.5","0.12%"
"Jul 19, 2017","13,318.0","13,296.0","13,321.0","13,296.0","0.07%"
"Jul 18, 2017","13,309.0","13,316.0","13,319.0","13,301.0","-0.14%"
"Jul 17, 2017","13,327.5","13,302.5","13,331.5","13,302.5","-0.08%"
"Jul 14, 2017","13,338.5","13,336.5","13,349.5","13,336.5","-0.07%"
"Jul 13, 2017","13,347.5","13,349.5","13,349.5","13,329.5","-0.16%"
"Jul 12, 2017","13,369.5","13,370.5","13,372.5","13,358.5","-0.16%"
"Jul 11, 2017","13,391.0","13,386.0","13,401.0","13,381.0","-0.06%"
"Jul 10, 2017","13,399.0","13,398.0","13,413.0","13,393.0","-0.03%"
"Jul 07, 2017","13,403.0","13,381.0","13,411.0","13,376.0","0.11%"
"Jul 06, 2017","13,388.0","13,366.0","13,388.0","13,360.0","0.18%"
"Jul 05, 2017","13,364.0","13,351.0","13,364.0","13,341.0","0.00%"
"Jul 04, 2017","13,363.5","13,386.5","13,391.5","13,356.5","-0.03%"
"Jul 03, 2017","13,367.5","13,302.5","13,375.5","13,302.5","0.30%"
"Jun 30, 2017","13,327.5","13,327.5","13,327.5","13,327.5","0.00%"
"Jun 29, 2017","13,327.5","13,327.5","13,327.5","13,327.5","0.00%"
"Jun 28, 2017","13,327.5","13,327.5","13,327.5","13,327.5","0.00%"
"Jun 27, 2017","13,327.5","13,327.5","13,327.5","13,327.5","0.00%"
"Jun 26, 2017","13,327.5","13,327.5","13,327.5","13,327.5","0.00%"
"Jun 23, 2017","13,327.5","13,327.5","13,327.5","13,327.5","0.00%"
"Jun 22, 2017","13,327.5","13,310.5","13,327.5","13,307.5","0.07%"
"Jun 21, 2017","13,318.5","13,306.5","13,321.5","13,293.5","0.23%"
"Jun 20, 2017","13,288.5","13,295.5","13,301.5","13,288.5","-0.00%"
"Jun 19, 2017","13,289.0","13,291.0","13,291.0","13,281.0","-0.06%"
"Jun 16, 2017","13,297.5","13,297.5","13,302.5","13,281.5","0.09%"
"Jun 15, 2017","13,286.0","13,277.0","13,286.0","13,272.0","0.03%"
"Jun 14, 2017","13,282.5","13,287.5","13,290.5","13,282.5","-0.07%"
"Jun 13, 2017","13,291.5","13,296.5","13,296.5","13,288.5","-0.05%"
"Jun 12, 2017","13,298.0","13,281.0","13,299.0","13,281.0","0.05%"
"Jun 09, 2017","13,291.5","13,301.5","13,306.5","13,284.5","-0.05%"
"Jun 08, 2017","13,298.0","13,317.0","13,322.0","13,292.0","-0.05%"
"Jun 07, 2017","13,304.0","13,306.0","13,311.0","13,301.0","0.05%"
"Jun 06, 2017","13,298.0","13,286.0","13,298.0","13,276.0","0.09%"
"Jun 05, 2017","13,286.0","13,291.0","13,291.0","13,276.0","-0.14%"
"Jun 02, 2017","13,304.0","13,301.0","13,314.0","13,301.0","-0.14%"
"Jun 01, 2017","13,322.5","13,322.5","13,322.5","13,322.5","0.00%"
"May 31, 2017","13,322.5","13,311.5","13,323.5","13,310.5","-0.01%"
"May 30, 2017","13,323.5","13,320.5","13,338.5","13,319.5","0.02%"
"May 29, 2017","13,321.5","13,296.5","13,322.5","13,296.5","0.20%"
"May 26, 2017","13,294.5","13,300.5","13,300.5","13,288.5","-0.11%"
"May 25, 2017","13,308.5","13,308.5","13,308.5","13,308.5","0.00%"
"May 24, 2017","13,308.5","13,306.5","13,321.5","13,306.5","0.05%"
"May 23, 2017","13,302.5","13,288.5","13,310.5","13,287.5","0.00%"
"May 22, 2017","13,302.5","13,292.5","13,308.5","13,282.5","-0.24%"
"May 19, 2017","13,335.0","13,395.0","13,420.0","13,315.0","-0.15%"
"May 18, 2017","13,355.5","13,337.5","13,357.5","13,327.5","0.24%"
"May 17, 2017","13,323.5","13,286.5","13,323.5","13,281.5","0.17%"
"May 16, 2017","13,300.5","13,294.5","13,308.5","13,294.5","-0.03%"
"May 15, 2017","13,304.0","13,316.0","13,321.0","13,298.0","-0.19%"
"May 12, 2017","13,329.5","13,337.5","13,347.5","13,319.5","-0.21%"
"May 11, 2017","13,357.5","13,357.5","13,357.5","13,357.5","0.00%"
"May 10, 2017","13,357.5","13,341.5","13,364.5","13,341.5","0.06%"
"May 09, 2017","13,350.0","13,315.0","13,353.0","13,315.0","0.30%"
"May 08, 2017","13,309.5","13,327.5","13,332.5","13,302.5","-0.15%"
"May 05, 2017","13,330.0","13,333.0","13,348.0","13,328.0","0.02%"
"May 04, 2017","13,327.5","13,316.5","13,333.5","13,316.5","0.17%"
"May 03, 2017","13,305.5","13,292.5","13,312.5","13,291.5","-0.05%"
"May 02, 2017","13,311.5","13,326.5","13,326.5","13,296.5","-0.13%"
"May 01, 2017","13,329.0","13,329.0","13,329.0","13,329.0","0.00%"
"Apr 28, 2017","13,329.0","13,317.0","13,340.0","13,317.0","0.11%"
"Apr 27, 2017","13,314.0","13,286.0","13,317.0","13,286.0","0.22%"
"Apr 26, 2017","13,285.0","13,279.0","13,287.0","13,272.0","0.06%"
"Apr 25, 2017","13,277.5","13,302.5","13,305.5","13,277.5","-0.32%"
"Apr 24, 2017","13,320.0","13,320.0","13,320.0","13,320.0","0.00%"
"Apr 21, 2017","13,320.0","13,321.0","13,324.0","13,312.0","-0.03%"
"Apr 20, 2017","13,323.5","13,321.5","13,336.5","13,315.5","0.20%"
"Apr 19, 2017","13,296.5","13,296.5","13,296.5","13,296.5","0.00%"
"Apr 18, 2017","13,296.5","13,276.5","13,301.5","13,276.5","0.08%"
"Apr 17, 2017","13,285.5","13,252.5","13,285.5","13,252.5","0.22%"
"Apr 14, 2017","13,256.5","13,256.5","13,256.5","13,256.5","0.00%"
"Apr 13, 2017","13,256.5","13,251.5","13,267.5","13,246.5","-0.14%"
"Apr 12, 2017","13,275.0","13,286.0","13,301.0","13,266.0","-0.05%"
"Apr 11, 2017","13,281.5","13,271.5","13,291.5","13,271.5","-0.04%"
"Apr 10, 2017","13,286.5","13,326.5","13,329.5","13,276.5","-0.23%"
"Apr 07, 2017","13,317.5","13,332.5","13,347.5","13,317.5","-0.13%"
"Apr 06, 2017","13,335.5","13,317.5","13,339.5","13,317.5","0.11%"
"Apr 05, 2017","13,321.0","13,326.0","13,331.0","13,316.0","-0.05%"
"Apr 04, 2017","13,328.0","13,326.0","13,330.0","13,319.0","0.04%"
"Apr 03, 2017","13,322.5","13,317.5","13,327.5","13,317.5","-0.02%"
"Mar 31, 2017","13,325.5","13,317.5","13,327.5","13,312.5","0.07%"
"Mar 30, 2017","13,316.0","13,308.0","13,328.0","13,303.0","0.02%"
"Mar 29, 2017","13,313.5","13,311.5","13,333.5","13,306.5","0.02%"
"Mar 28, 2017","13,310.5","13,310.5","13,310.5","13,310.5","0.00%"
"Mar 27, 2017","13,310.5","13,301.5","13,319.5","13,301.5","-0.12%"
"Mar 24, 2017","13,326.5","13,320.5","13,335.5","13,320.5","0.02%"
"Mar 23, 2017","13,324.5","13,325.5","13,331.5","13,320.5","-0.03%"
"Mar 22, 2017","13,329.0","13,326.0","13,339.0","13,316.0","0.08%"
"Mar 21, 2017","13,319.0","13,301.0","13,324.0","13,296.0","0.04%"
"Mar 20, 2017","13,313.5","13,331.5","13,336.5","13,306.5","-0.24%"
"Mar 17, 2017","13,345.0","13,333.0","13,356.0","13,323.0","-0.03%"
"Mar 16, 2017","13,348.5","13,323.5","13,353.5","13,323.5","-0.12%"
"Mar 15, 2017","13,365.0","13,365.0","13,380.0","13,365.0","-0.05%"
"Mar 14, 2017","13,371.5","13,356.5","13,373.5","13,356.5","0.12%"
"Mar 13, 2017","13,356.0","13,351.0","13,366.0","13,351.0","-0.17%"
"Mar 10, 2017","13,379.0","13,386.0","13,396.0","13,379.0","-0.06%"
"Mar 09, 2017","13,386.5","13,366.5","13,386.5","13,366.5","0.27%"
"Mar 08, 2017","13,350.0","13,350.0","13,353.0","13,338.0","0.02%"
"Mar 07, 2017","13,347.0","13,339.0","13,351.0","13,339.0","-0.02%"
"Mar 06, 2017","13,350.0","13,362.0","13,372.0","13,342.0","-0.24%"
"Mar 03, 2017","13,382.5","13,362.5","13,382.5","13,362.5","0.18%"
"Mar 02, 2017","13,358.5","13,361.5","13,366.5","13,351.5","-0.03%"
"Mar 01, 2017","13,362.0","13,356.0","13,366.0","13,351.0","0.19%"
"Feb 28, 2017","13,336.0","13,350.0","13,355.0","13,336.0","-0.05%"
"Feb 27, 2017","13,342.5","13,331.5","13,349.5","13,331.5","0.09%"
"Feb 24, 2017","13,330.5","13,326.5","13,337.5","13,326.5","-0.15%"
"Feb 23, 2017","13,351.0","13,356.0","13,363.0","13,344.0","-0.12%"
"Feb 22, 2017","13,367.0","13,360.0","13,368.0","13,350.0","-0.04%"
"Feb 21, 2017","13,372.5","13,367.5","13,377.5","13,360.5","0.14%"
"Feb 20, 2017","13,354.0","13,331.0","13,359.0","13,326.0","0.16%"
"Feb 17, 2017","13,332.5","13,327.5","13,337.5","13,322.5","0.09%"
"Feb 16, 2017","13,320.0","13,315.0","13,336.0","13,315.0","-0.08%"
"Feb 15, 2017","13,330.5","13,330.5","13,330.5","13,330.5","0.00%"
"Feb 14, 2017","13,330.5","13,322.5","13,334.5","13,315.5","0.03%"
"Feb 13, 2017","13,326.5","13,326.5","13,331.5","13,316.5","0.08%"
"Feb 10, 2017","13,315.5","13,315.5","13,322.5","13,303.5","0.10%"
"Feb 09, 2017","13,302.5","13,312.5","13,317.5","13,282.5","-0.17%"
"Feb 08, 2017","13,325.0","13,338.0","13,345.0","13,324.0","-0.03%"
"Feb 07, 2017","13,328.5","13,324.5","13,339.5","13,319.5","0.05%"
"Feb 06, 2017","13,322.5","13,317.5","13,334.5","13,316.5","-0.17%"
"Feb 03, 2017","13,345.0","13,365.0","13,375.0","13,340.0","-0.06%"
"Feb 02, 2017","13,352.5","13,362.5","13,377.5","13,347.5","-0.15%"
"Feb 01, 2017","13,372.5","13,342.5","13,387.5","13,337.5","0.15%"
"Jan 31, 2017","13,352.0","13,340.0","13,360.0","13,335.0","0.05%"
"Jan 30, 2017","13,345.0","13,335.0","13,358.0","13,335.0","-0.10%"
"Jan 27, 2017","13,358.5","13,356.5","13,366.5","13,346.5","0.17%"
"Jan 26, 2017","13,336.0","13,311.0","13,342.0","13,311.0","-0.18%"
"Jan 25, 2017","13,360.5","13,339.5","13,364.5","13,334.5","0.22%"
"Jan 24, 2017","13,331.0","13,339.0","13,341.0","13,304.0","-0.22%"
"Jan 23, 2017","13,360.0","13,380.0","13,385.0","13,345.0","-0.37%"
"Jan 20, 2017","13,410.0","13,395.0","13,410.0","13,375.0","0.28%"
"Jan 19, 2017","13,373.0","13,375.0","13,385.0","13,355.0","0.23%"
"Jan 18, 2017","13,342.5","13,322.5","13,342.5","13,317.5","-0.07%"
"Jan 17, 2017","13,351.5","13,351.5","13,381.5","13,331.5","-0.11%"
"Jan 16, 2017","13,366.5","13,303.5","13,368.5","13,303.5","0.26%"
"Jan 13, 2017","13,331.5","13,295.5","13,333.5","13,293.5","0.31%"
"Jan 12, 2017","13,290.0","13,285.0","13,310.0","13,265.0","-0.29%"
"Jan 11, 2017","13,329.0","13,311.0","13,331.0","13,301.0","0.11%"
"Jan 10, 2017","13,315.0","13,325.0","13,335.0","13,285.0","-0.37%"
"Jan 09, 2017","13,365.0","13,390.0","13,398.0","13,365.0","0.00%"
"Jan 06, 2017","13,365.0","13,340.0","13,365.0","13,334.0","-0.07%"
"Jan 05, 2017","13,375.0","13,405.0","13,405.0","13,315.0","-0.48%"
"Jan 04, 2017","13,440.0","13,470.0","13,485.0","13,435.0","-0.29%"
"Jan 03, 2017","13,479.5","13,461.5","13,486.5","13,461.5","0.05%"
"Jan 02, 2017","13,472.5","13,472.5","13,472.5","13,472.5","0.00%"